query_id,chunk_id,label
q01,2014_2014_sec_0001_text_001_chunk_001,2
q01,2014_2014_sec_0001_text_001_chunk_002,2
q01,2014_2014_sec_0001_text_001_chunk_003,2
q01,2014_2014_sec_0001_text_001_chunk_004,2
q01,2014_2014_sec_0001_text_001_chunk_005,2
q01,2014_2014_sec_0001_text_001_chunk_006,2
q01,2014_2014_sec_0001_text_001_chunk_007,2
q01,2014_2014_sec_0001_text_001_chunk_008,2
q01,2014_2014_sec_0001_text_001_chunk_009,2
q01,2014_2014_sec_0001_text_001_chunk_010,2
q01,2014_2014_sec_0001_text_001_chunk_011,2
q01,2014_2014_sec_0021_text_001_chunk_001,1
q01,2014_2014_sec_0021_text_001_chunk_002,1
q01,2014_2014_sec_0022_text_001_chunk_002,2
q01,2014_2014_sec_0025_text_001_chunk_001,2
q01,2014_2014_sec_0028_text_001_chunk_001,2
q01,2014_2014_sec_0028_text_001_chunk_002,2
q01,2014_2014_sec_0033_text_001_chunk_003,2
q01,2014_2014_sec_0061_text_001_chunk_002,2
q01,2014_2014_sec_0087_text_001_chunk_003,2
q01,2014_2014_sec_0095_text_001_chunk_001,1
q01,2014_2014_sec_0117_text_001_chunk_001,1
q01,2014_2014_sec_0135_text_001_chunk_001,2
q01,2015_2015_sec_0002_text_001_chunk_001,0
q01,2015_2015_sec_0002_text_001_chunk_003,0
q01,2015_2015_sec_0002_text_001_chunk_004,0
q01,2015_2015_sec_0002_text_001_chunk_005,0
q01,2015_2015_sec_0002_text_001_chunk_006,0
q01,2015_2015_sec_0002_text_001_chunk_007,0
q01,2015_2015_sec_0002_text_001_chunk_008,0
q01,2015_2015_sec_0002_text_001_chunk_010,0
q01,2015_2015_sec_0002_text_001_chunk_011,0
q01,2015_2015_sec_0002_text_001_chunk_014,0
q01,2015_2015_sec_0013_text_001_chunk_005,1
q01,2015_2015_sec_0013_text_001_chunk_010,2
q01,2015_2015_sec_0013_text_001_chunk_019,1
q01,2015_2015_sec_0024_text_001_chunk_001,1
q01,2015_2015_sec_0031_text_001_chunk_001,0
q01,2015_2015_sec_0094_text_001_chunk_002,0
q01,2016_2016_sec_0002_text_001_chunk_001,0
q01,2016_2016_sec_0002_text_001_chunk_007,0
q01,2016_2016_sec_0015_text_001_chunk_001,2
q01,2016_2016_sec_0021_text_001_chunk_001,0
q01,2016_2016_sec_0026_text_001_chunk_001,0
q01,2016_2016_sec_0052_text_001_chunk_001,0
q01,2017_2017_sec_0001_text_001_chunk_007,0
q01,2017_2017_sec_0002_text_001_chunk_001,0
q01,2017_2017_sec_0002_text_001_chunk_012,0
q01,2017_2017_sec_0015_text_001_chunk_001,0
q01,2017_2017_sec_0015_text_001_chunk_007,0
q01,2017_2017_sec_0015_text_001_chunk_012,0
q01,2017_2017_sec_0026_text_001_chunk_001,0
q01,2018_2018_sec_0002_text_001_chunk_001,0
q01,2018_2018_sec_0018_text_001_chunk_002,0
q01,2018_2018_sec_0024_text_001_chunk_001,0
q01,2018_2018_sec_0026_text_001_chunk_001,0
q01,2018_2018_sec_0036_text_001_chunk_001,0
q01,2018_2018_sec_0125_text_001_chunk_001,0
q01,2018_2018_sec_0140_text_001_chunk_002,0
q02,2014_2014_sec_0045_text_001_chunk_001,0
q02,2015_2015_sec_0001_text_001_chunk_001,2
q02,2015_2015_sec_0001_text_001_chunk_002,2
q02,2015_2015_sec_0001_text_001_chunk_003,1
q02,2015_2015_sec_0001_text_001_chunk_008,0
q02,2015_2015_sec_0002_text_001_chunk_008,2
q02,2015_2015_sec_0002_text_001_chunk_011,2
q02,2015_2015_sec_0002_text_001_chunk_014,2
q02,2015_2015_sec_0010_text_001_chunk_002,2
q02,2015_2015_sec_0013_text_001_chunk_003,2
q02,2015_2015_sec_0013_text_001_chunk_015,1
q02,2015_2015_sec_0015_text_001_chunk_003,2
q02,2015_2015_sec_0018_text_001_chunk_002,1
q02,2015_2015_sec_0030_text_001_chunk_001,2
q02,2015_2015_sec_0033_text_001_chunk_003,0
q02,2015_2015_sec_0044_text_001_chunk_001,1
q02,2015_2015_sec_0044_text_002_chunk_001,0
q02,2015_2015_sec_0045_text_001_chunk_001,1
q02,2015_2015_sec_0046_text_001_chunk_001,1
q02,2015_2015_sec_0047_text_001_chunk_001,0
q02,2015_2015_sec_0048_text_001_chunk_001,1
q02,2015_2015_sec_0050_text_001_chunk_001,1
q02,2015_2015_sec_0058_text_001_chunk_001,0
q02,2015_2015_sec_0060_text_001_chunk_001,0
q02,2015_2015_sec_0063_text_001_chunk_001,0
q02,2015_2015_sec_0068_text_001_chunk_001,2
q02,2015_2015_sec_0069_text_001_chunk_001,0
q02,2015_2015_sec_0072_text_001_chunk_001,0
q02,2015_2015_sec_0110_text_001_chunk_001,0
q02,2015_2015_sec_0111_text_001_chunk_001,0
q02,2015_2015_sec_0111_text_003_chunk_002,0
q02,2015_2015_sec_0111_text_003_chunk_006,0
q02,2015_2015_sec_0111_text_003_chunk_009,0
q02,2015_2015_sec_0121_text_001_chunk_001,1
q02,2016_2016_sec_0001_text_001_chunk_004,0
q02,2016_2016_sec_0015_text_001_chunk_001,2
q02,2016_2016_sec_0048_text_001_chunk_001,2
q02,2016_2016_sec_0049_text_001_chunk_001,0
q02,2016_2016_sec_0054_text_001_chunk_001,0
q02,2016_2016_sec_0056_text_001_chunk_001,1
q02,2016_2016_sec_0063_text_001_chunk_001,0
q02,2016_2016_sec_0114_text_003_chunk_005,0
q02,2017_2017_sec_0015_text_001_chunk_002,0
q02,2017_2017_sec_0057_text_001_chunk_001,0
q02,2017_2017_sec_0093_text_001_chunk_001,0
q02,2017_2017_sec_0104_text_001_chunk_001,0
q02,2018_2018_sec_0051_text_001_chunk_001,0
q02,2018_2018_sec_0061_text_001_chunk_001,0
q02,2018_2018_sec_0095_text_001_chunk_001,0
q02,2018_2018_sec_0104_text_001_chunk_001,0
q03,2014_2014_sec_0035_text_001_chunk_001,0
q03,2014_2014_sec_0046_text_001_chunk_001,0
q03,2014_2014_sec_0053_text_001_chunk_001,1
q03,2014_2014_sec_0053_text_001_chunk_002,0
q03,2014_2014_sec_0057_text_001_chunk_001,2
q03,2014_2014_sec_0057_text_001_chunk_003,1
q03,2014_2014_sec_0064_text_001_chunk_001,0
q03,2014_2014_sec_0065_text_001_chunk_001,0
q03,2014_2014_sec_0066_text_001_chunk_001,1
q03,2014_2014_sec_0068_text_001_chunk_001,0
q03,2014_2014_sec_0068_text_002_chunk_001,0
q03,2014_2014_sec_0069_text_001_chunk_001,0
q03,2014_2014_sec_0070_text_001_chunk_001,0
q03,2014_2014_sec_0078_text_001_chunk_001,0
q03,2014_2014_sec_0101_text_001_chunk_001,0
q03,2014_2014_sec_0119_text_001_chunk_002,0
q03,2014_2014_sec_0120_text_001_chunk_001,0
q03,2014_2014_sec_0133_text_002_chunk_001,1
q03,2014_2014_sec_0134_text_001_chunk_003,1
q03,2015_2015_sec_0071_text_004_chunk_001,0
q03,2015_2015_sec_0075_text_001_chunk_001,1
q03,2015_2015_sec_0077_text_001_chunk_001,2
q03,2015_2015_sec_0078_text_001_chunk_001,0
q03,2015_2015_sec_0108_text_001_chunk_004,0
q03,2015_2015_sec_0144_text_001_chunk_009,2
q03,2016_2016_sec_0001_text_001_chunk_006,0
q03,2016_2016_sec_0075_text_001_chunk_001,0
q03,2016_2016_sec_0080_text_001_chunk_001,0
q03,2016_2016_sec_0081_text_001_chunk_001,0
q03,2016_2016_sec_0083_text_001_chunk_001,0
q03,2016_2016_sec_0084_text_001_chunk_001,0
q03,2017_2017_sec_0075_text_001_chunk_001,0
q03,2017_2017_sec_0077_text_001_chunk_001,0
q03,2017_2017_sec_0077_text_002_chunk_001,0
q03,2017_2017_sec_0078_text_001_chunk_001,0
q03,2018_2018_sec_0080_text_001_chunk_001,0
q03,2018_2018_sec_0081_text_001_chunk_001,0
q04,2014_2014_sec_0119_text_001_chunk_001,0
q04,2014_2014_sec_0119_text_001_chunk_007,0
q04,2014_2014_sec_0119_text_001_chunk_008,0
q04,2015_2015_sec_0131_text_001_chunk_001,0
q04,2015_2015_sec_0131_text_001_chunk_002,0
q04,2015_2015_sec_0131_text_001_chunk_015,0
q04,2015_2015_sec_0131_text_001_chunk_016,0
q04,2016_2016_sec_0067_text_001_chunk_001,0
q04,2016_2016_sec_0134_text_001_chunk_001,0
q04,2016_2016_sec_0134_text_001_chunk_002,0
q04,2016_2016_sec_0134_text_001_chunk_019,0
q04,2016_2016_sec_0134_text_001_chunk_020,0
q04,2017_2017_sec_0126_text_001_chunk_001,0
q04,2017_2017_sec_0126_text_001_chunk_002,0
q04,2017_2017_sec_0126_text_001_chunk_013,0
q04,2017_2017_sec_0126_text_001_chunk_015,1
q04,2018_2018_sec_0001_text_001_chunk_005,2
q04,2018_2018_sec_0077_text_001_chunk_001,0
q04,2018_2018_sec_0126_text_001_chunk_001,2
q04,2018_2018_sec_0126_text_001_chunk_002,1
q04,2018_2018_sec_0126_text_001_chunk_003,1
q04,2018_2018_sec_0126_text_001_chunk_004,1
q04,2018_2018_sec_0126_text_001_chunk_007,1
q04,2018_2018_sec_0126_text_001_chunk_008,1
q04,2018_2018_sec_0126_text_001_chunk_011,1
q04,2018_2018_sec_0126_text_001_chunk_012,1
q04,2018_2018_sec_0126_text_001_chunk_013,1
q04,2018_2018_sec_0126_text_001_chunk_014,1
q04,2018_2018_sec_0126_text_001_chunk_015,1
q04,2018_2018_sec_0126_text_001_chunk_016,2
q04,2018_2018_sec_0134_text_001_chunk_001,0
q04,2018_2018_sec_0138_text_001_chunk_002,1
q04,2018_2018_sec_0138_text_001_chunk_008,1
q05,2014_2014_sec_0122_text_001_chunk_001,0
q05,2014_2014_sec_0137_text_001_chunk_001,2
q05,2015_2015_sec_0133_text_001_chunk_001,0
q05,2015_2015_sec_0146_text_001_chunk_001,2
q05,2015_2015_sec_0146_text_001_chunk_002,2
q05,2016_2016_sec_0137_text_001_chunk_001,0
q05,2016_2016_sec_0147_text_001_chunk_001,2
q05,2016_2016_sec_0147_text_001_chunk_002,2
q05,2016_2016_sec_0147_text_001_chunk_003,2
q05,2017_2017_sec_0140_text_001_chunk_001,2
q05,2017_2017_sec_0140_text_001_chunk_002,2
q05,2018_2018_sec_0140_text_001_chunk_001,2
q05,2018_2018_sec_0140_text_001_chunk_002,2
q06,2014_2014_sec_0001_text_001_chunk_007,2
q06,2014_2014_sec_0001_text_001_chunk_008,2
q06,2014_2014_sec_0007_text_001_chunk_001,1
q06,2014_2014_sec_0044_text_001_chunk_002,2
q06,2014_2014_sec_0064_text_001_chunk_005,1
q06,2014_2014_sec_0072_text_001_chunk_001,2
q06,2014_2014_sec_0131_text_001_chunk_001,2
q06,2014_2014_sec_0131_text_001_chunk_002,2
q06,2014_2014_sec_0131_text_001_chunk_003,2
q06,2014_2014_sec_0132_text_001_chunk_001,2
q06,2014_2014_sec_0132_text_001_chunk_002,2
q06,2014_2014_sec_0132_text_001_chunk_003,2
q06,2014_2014_sec_0132_text_001_chunk_004,2
q06,2015_2015_sec_0001_text_001_chunk_009,2
q06,2015_2015_sec_0139_text_001_chunk_004,2
q06,2015_2015_sec_0140_text_001_chunk_001,2
q06,2015_2015_sec_0141_text_001_chunk_001,2
q06,2015_2015_sec_0142_text_001_chunk_001,2
q06,2016_2016_sec_0001_text_001_chunk_007,2
q06,2016_2016_sec_0001_text_002_chunk_001,1
q06,2016_2016_sec_0015_text_001_chunk_008,1
q06,2016_2016_sec_0049_text_001_chunk_006,1
q06,2016_2016_sec_0049_text_001_chunk_007,1
q06,2016_2016_sec_0143_text_001_chunk_001,2
q06,2016_2016_sec_0143_text_001_chunk_002,2
q06,2016_2016_sec_0143_text_001_chunk_003,2
q06,2016_2016_sec_0143_text_001_chunk_004,2
q06,2017_2017_sec_0001_text_001_chunk_004,2
q06,2017_2017_sec_0015_text_001_chunk_010,1
q06,2017_2017_sec_0136_text_001_chunk_001,2
q06,2017_2017_sec_0136_text_001_chunk_003,2
q06,2018_2018_sec_0135_text_001_chunk_002,1
q06,2018_2018_sec_0136_text_001_chunk_001,2
q06,2018_2018_sec_0136_text_001_chunk_002,2
q06,2018_2018_sec_0136_text_001_chunk_003,2
q07,2014_2014_sec_0044_text_001_chunk_001,2
q07,2014_2014_sec_0044_text_001_chunk_002,2
q07,2014_2014_sec_0057_text_001_chunk_001,2
q07,2014_2014_sec_0057_text_001_chunk_002,2
q07,2014_2014_sec_0057_text_001_chunk_003,2
q07,2014_2014_sec_0072_text_001_chunk_001,1
q07,2014_2014_sec_0116_text_001_chunk_001,2
q07,2014_2014_sec_0119_text_001_chunk_008,0
q07,2014_2014_sec_0128_text_001_chunk_002,1
q07,2014_2014_sec_0131_text_001_chunk_001,2
q07,2014_2014_sec_0131_text_001_chunk_002,1
q07,2014_2014_sec_0132_text_001_chunk_001,2
q07,2014_2014_sec_0132_text_001_chunk_002,2
q07,2015_2015_sec_0062_text_001_chunk_001,2
q07,2015_2015_sec_0127_text_001_chunk_001,2
q07,2015_2015_sec_0140_text_001_chunk_001,0
q07,2015_2015_sec_0142_text_001_chunk_001,2
q07,2015_2015_sec_0144_text_001_chunk_010,0
q07,2016_2016_sec_0015_text_001_chunk_007,2
q07,2016_2016_sec_0049_text_001_chunk_006,2
q07,2016_2016_sec_0049_text_001_chunk_007,2
q07,2016_2016_sec_0114_text_003_chunk_005,0
q07,2016_2016_sec_0130_text_001_chunk_001,2
q07,2016_2016_sec_0143_text_001_chunk_001,1
q07,2016_2016_sec_0143_text_001_chunk_002,1
q07,2016_2016_sec_0143_text_001_chunk_003,1
q07,2016_2016_sec_0143_text_001_chunk_004,2
q07,2017_2017_sec_0001_text_001_chunk_005,2
q07,2017_2017_sec_0015_text_001_chunk_006,1
q07,2017_2017_sec_0015_text_001_chunk_010,2
q07,2017_2017_sec_0122_text_001_chunk_001,2
q07,2017_2017_sec_0136_text_001_chunk_001,1
q07,2018_2018_sec_0058_text_001_chunk_001,2
q07,2018_2018_sec_0122_text_001_chunk_001,2
q08,2014_2014_sec_0137_text_001_chunk_001,2
q08,2014_2014_sec_0138_text_001_chunk_001,2
q08,2015_2015_sec_0146_text_001_chunk_001,2
q08,2015_2015_sec_0146_text_001_chunk_002,2
q08,2016_2016_sec_0137_text_001_chunk_001,0
q08,2016_2016_sec_0147_text_001_chunk_001,2
q08,2016_2016_sec_0147_text_001_chunk_002,2
q08,2016_2016_sec_0147_text_001_chunk_003,2
q08,2017_2017_sec_0140_text_001_chunk_001,2
q08,2017_2017_sec_0140_text_001_chunk_002,2
q08,2018_2018_sec_0140_text_001_chunk_001,2
q08,2018_2018_sec_0140_text_001_chunk_002,2
q09,2014_2014_sec_0001_text_001_chunk_009,2
q09,2014_2014_sec_0072_text_001_chunk_001,2
q09,2014_2014_sec_0072_text_001_chunk_002,2
q09,2014_2014_sec_0072_text_001_chunk_003,2
q09,2014_2014_sec_0072_text_001_chunk_004,2
q09,2014_2014_sec_0072_text_001_chunk_005,2
q09,2014_2014_sec_0072_text_001_chunk_006,2
q09,2014_2014_sec_0073_text_001_chunk_003,2
q09,2014_2014_sec_0073_text_001_chunk_004,2
q09,2014_2014_sec_0073_text_001_chunk_005,2
q09,2014_2014_sec_0073_text_001_chunk_006,2
q09,2015_2015_sec_0045_text_001_chunk_001,2
q09,2015_2015_sec_0080_text_001_chunk_001,2
q09,2015_2015_sec_0080_text_001_chunk_002,2
q09,2015_2015_sec_0080_text_001_chunk_003,2
q09,2015_2015_sec_0080_text_001_chunk_004,2
q09,2015_2015_sec_0080_text_001_chunk_005,2
q09,2015_2015_sec_0080_text_001_chunk_006,2
q09,2015_2015_sec_0080_text_001_chunk_007,2
q09,2015_2015_sec_0082_text_001_chunk_002,2
q09,2015_2015_sec_0082_text_001_chunk_003,2
q09,2016_2016_sec_0021_text_001_chunk_001,0
q09,2016_2016_sec_0087_text_001_chunk_001,2
q09,2016_2016_sec_0088_text_001_chunk_001,2
q09,2016_2016_sec_0088_text_001_chunk_002,2
q09,2017_2017_sec_0002_text_001_chunk_009,2
q09,2017_2017_sec_0002_text_001_chunk_014,2
q09,2017_2017_sec_0080_text_001_chunk_002,2
q09,2017_2017_sec_0080_text_001_chunk_003,2
q09,2017_2017_sec_0080_text_002_chunk_001,2
q09,2017_2017_sec_0082_text_001_chunk_003,2
q09,2018_2018_sec_0001_text_001_chunk_003,2
q09,2018_2018_sec_0002_text_001_chunk_015,2
q09,2018_2018_sec_0002_text_001_chunk_017,2
q09,2018_2018_sec_0030_text_001_chunk_003,0
q09,2018_2018_sec_0061_text_001_chunk_001,2
q09,2018_2018_sec_0083_text_001_chunk_001,2
q09,2018_2018_sec_0083_text_001_chunk_004,2
q09,2018_2018_sec_0083_text_001_chunk_006,2
q09,2018_2018_sec_0085_text_001_chunk_007,2
q10,2014_2014_sec_0125_text_001_chunk_001,2
q10,2014_2014_sec_0125_text_001_chunk_002,2
q10,2014_2014_sec_0125_text_001_chunk_003,2
q10,2015_2015_sec_0001_text_001_chunk_010,2
q10,2015_2015_sec_0138_text_001_chunk_001,2
q10,2015_2015_sec_0138_text_001_chunk_002,2
q10,2016_2016_sec_0001_text_001_chunk_008,2
q10,2016_2016_sec_0141_text_001_chunk_001,2
q10,2016_2016_sec_0141_text_001_chunk_002,2
q10,2017_2017_sec_0015_text_001_chunk_008,2
q10,2017_2017_sec_0134_text_001_chunk_001,2
q10,2017_2017_sec_0134_text_001_chunk_002,2
q10,2017_2017_sec_0134_text_001_chunk_003,2
q10,2018_2018_sec_0134_text_001_chunk_001,2
q10,2018_2018_sec_0134_text_001_chunk_002,2
q10,2018_2018_sec_0134_text_001_chunk_003,2
q11,2014_2014_sec_0001_text_001_chunk_003,0
q11,2014_2014_sec_0020_text_001_chunk_001,0
q11,2014_2014_sec_0022_text_001_chunk_001,0
q11,2014_2014_sec_0025_text_001_chunk_001,0
q11,2014_2014_sec_0043_text_001_chunk_001,0
q11,2014_2014_sec_0043_text_001_chunk_002,0
q11,2014_2014_sec_0046_text_001_chunk_001,0
q11,2014_2014_sec_0048_text_001_chunk_001,0
q11,2014_2014_sec_0048_text_001_chunk_002,0
q11,2014_2014_sec_0058_text_001_chunk_001,0
q11,2014_2014_sec_0061_text_001_chunk_002,0
q11,2014_2014_sec_0128_text_001_chunk_001,0
q11,2015_2015_sec_0001_text_001_chunk_004,0
q11,2015_2015_sec_0001_text_001_chunk_006,0
q11,2015_2015_sec_0013_text_001_chunk_020,0
q11,2015_2015_sec_0047_text_001_chunk_001,0
q11,2015_2015_sec_0049_text_001_chunk_001,0
q11,2015_2015_sec_0049_text_001_chunk_002,0
q11,2015_2015_sec_0066_text_001_chunk_002,0
q11,2015_2015_sec_0111_text_003_chunk_007,0
q11,2016_2016_sec_0001_text_001_chunk_004,2
q11,2016_2016_sec_0001_text_002_chunk_001,1
q11,2016_2016_sec_0002_text_001_chunk_002,1
q11,2016_2016_sec_0013_text_001_chunk_001,1
q11,2016_2016_sec_0013_text_001_chunk_002,1
q11,2016_2016_sec_0015_text_001_chunk_001,1
q11,2016_2016_sec_0015_text_001_chunk_002,2
q11,2016_2016_sec_0015_text_001_chunk_006,1
q11,2016_2016_sec_0024_text_001_chunk_001,1
q11,2016_2016_sec_0048_text_001_chunk_001,0
q11,2016_2016_sec_0049_text_001_chunk_001,0
q11,2016_2016_sec_0049_text_001_chunk_002,2
q11,2016_2016_sec_0049_text_001_chunk_003,2
q11,2016_2016_sec_0049_text_001_chunk_004,1
q11,2016_2016_sec_0049_text_001_chunk_005,0
q11,2016_2016_sec_0049_text_001_chunk_006,1
q11,2016_2016_sec_0051_text_002_chunk_001,0
q11,2016_2016_sec_0053_text_001_chunk_001,0
q11,2016_2016_sec_0054_text_001_chunk_001,1
q11,2016_2016_sec_0054_text_001_chunk_002,0
q11,2016_2016_sec_0072_text_001_chunk_001,2
q11,2016_2016_sec_0088_text_001_chunk_004,0
q11,2016_2016_sec_0109_text_001_chunk_001,0
q11,2016_2016_sec_0113_text_002_chunk_001,0
q11,2017_2017_sec_0001_text_001_chunk_001,0
q11,2017_2017_sec_0001_text_001_chunk_010,0
q11,2017_2017_sec_0001_text_001_chunk_015,0
q11,2017_2017_sec_0013_text_001_chunk_003,0
q11,2017_2017_sec_0015_text_001_chunk_001,2
q11,2017_2017_sec_0015_text_001_chunk_007,0
q11,2017_2017_sec_0015_text_001_chunk_009,0
q11,2017_2017_sec_0061_text_001_chunk_001,0
q11,2017_2017_sec_0104_text_001_chunk_001,0
q11,2018_2018_sec_0001_text_001_chunk_001,0
q11,2018_2018_sec_0001_text_001_chunk_002,0
q11,2018_2018_sec_0025_text_001_chunk_001,0
q11,2018_2018_sec_0027_text_001_chunk_001,0
q11,2018_2018_sec_0030_text_001_chunk_001,0
q11,2018_2018_sec_0050_text_001_chunk_001,0
q11,2018_2018_sec_0104_text_001_chunk_001,0
q12,2014_2014_sec_0056_text_001_chunk_001,2
q12,2014_2014_sec_0056_text_001_chunk_002,2
q12,2014_2014_sec_0057_text_001_chunk_001,1
q12,2014_2014_sec_0057_text_001_chunk_002,1
q12,2014_2014_sec_0057_text_001_chunk_003,0
q12,2014_2014_sec_0058_text_001_chunk_001,1
q12,2014_2014_sec_0065_text_001_chunk_001,1
q12,2015_2015_sec_0010_text_001_chunk_001,1
q12,2015_2015_sec_0013_text_001_chunk_011,2
q12,2015_2015_sec_0013_text_001_chunk_016,2
q12,2015_2015_sec_0058_text_001_chunk_001,2
q12,2015_2015_sec_0108_text_001_chunk_001,1
q12,2016_2016_sec_0001_text_001_chunk_006,2
q12,2016_2016_sec_0015_text_001_chunk_002,2
q12,2016_2016_sec_0015_text_001_chunk_007,2
q12,2016_2016_sec_0049_text_001_chunk_006,1
q12,2016_2016_sec_0063_text_001_chunk_001,2
q12,2016_2016_sec_0064_text_001_chunk_002,2
q12,2016_2016_sec_0074_text_001_chunk_003,1
q12,2016_2016_sec_0075_text_001_chunk_001,2
q12,2017_2017_sec_0001_text_001_chunk_003,2
q12,2017_2017_sec_0015_text_001_chunk_002,2
q12,2017_2017_sec_0015_text_001_chunk_007,1
q12,2017_2017_sec_0045_text_003_chunk_001,0
q12,2017_2017_sec_0057_text_001_chunk_001,2
q12,2018_2018_sec_0060_text_001_chunk_001,2
q13,2014_2014_sec_0025_text_001_chunk_001,0
q13,2014_2014_sec_0035_text_001_chunk_002,1
q13,2014_2014_sec_0117_text_001_chunk_002,0
q13,2014_2014_sec_0119_text_001_chunk_002,2
q13,2014_2014_sec_0119_text_001_chunk_005,2
q13,2014_2014_sec_0120_text_001_chunk_001,2
q13,2014_2014_sec_0120_text_001_chunk_003,0
q13,2014_2014_sec_0120_text_001_chunk_005,0
q13,2014_2014_sec_0120_text_001_chunk_006,1
q13,2014_2014_sec_0120_text_001_chunk_007,1
q13,2015_2015_sec_0002_text_001_chunk_007,1
q13,2015_2015_sec_0002_text_001_chunk_013,0
q13,2015_2015_sec_0129_text_001_chunk_002,0
q13,2015_2015_sec_0131_text_001_chunk_007,2
q13,2015_2015_sec_0131_text_001_chunk_008,2
q13,2015_2015_sec_0132_text_001_chunk_001,2
q13,2016_2016_sec_0038_text_001_chunk_001,1
q13,2016_2016_sec_0132_text_001_chunk_002,0
q13,2016_2016_sec_0134_text_001_chunk_007,2
q13,2016_2016_sec_0134_text_001_chunk_012,2
q13,2016_2016_sec_0135_text_001_chunk_001,2
q13,2017_2017_sec_0108_text_001_chunk_001,0
q13,2017_2017_sec_0126_text_001_chunk_001,2
q13,2017_2017_sec_0126_text_001_chunk_007,2
q13,2017_2017_sec_0127_text_001_chunk_001,2
q13,2017_2017_sec_0127_text_001_chunk_003,2
q13,2017_2017_sec_0128_text_001_chunk_001,2
q13,2018_2018_sec_0030_text_001_chunk_001,0
q13,2018_2018_sec_0126_text_001_chunk_001,2
q13,2018_2018_sec_0126_text_001_chunk_007,2
q13,2018_2018_sec_0127_text_002_chunk_001,2
q13,2018_2018_sec_0127_text_002_chunk_003,2
q13,2018_2018_sec_0128_text_001_chunk_001,2
q14,2014_2014_sec_0022_text_001_chunk_001,0
q14,2014_2014_sec_0086_text_001_chunk_001,1
q14,2014_2014_sec_0099_text_001_chunk_001,2
q14,2014_2014_sec_0100_text_001_chunk_001,2
q14,2015_2015_sec_0108_text_001_chunk_001,0
q14,2015_2015_sec_0108_text_001_chunk_003,0
q14,2015_2015_sec_0108_text_001_chunk_004,0
q14,2015_2015_sec_0110_text_001_chunk_001,2
q14,2015_2015_sec_0111_text_001_chunk_001,2
q14,2015_2015_sec_0111_text_001_chunk_002,2
q14,2015_2015_sec_0111_text_003_chunk_005,2
q14,2015_2015_sec_0111_text_003_chunk_007,2
q14,2015_2015_sec_0111_text_003_chunk_011,2
q14,2016_2016_sec_0015_text_001_chunk_002,1
q14,2016_2016_sec_0015_text_001_chunk_008,1
q14,2016_2016_sec_0111_text_001_chunk_001,1
q14,2016_2016_sec_0113_text_001_chunk_001,2
q14,2016_2016_sec_0114_text_001_chunk_001,2
q14,2016_2016_sec_0114_text_001_chunk_009,2
q14,2016_2016_sec_0114_text_001_chunk_010,2
q14,2016_2016_sec_0114_text_002_chunk_001,2
q14,2016_2016_sec_0114_text_003_chunk_001,2
q14,2016_2016_sec_0114_text_003_chunk_002,2
q14,2016_2016_sec_0114_text_003_chunk_003,2
q14,2016_2016_sec_0114_text_003_chunk_005,2
q14,2016_2016_sec_0114_text_003_chunk_006,1
q14,2017_2017_sec_0104_text_001_chunk_001,2
q14,2017_2017_sec_0105_text_001_chunk_001,2
q14,2017_2017_sec_0106_text_001_chunk_001,2
q14,2017_2017_sec_0106_text_002_chunk_001,2
q14,2017_2017_sec_0106_text_002_chunk_003,2
q14,2017_2017_sec_0106_text_003_chunk_002,2
q14,2017_2017_sec_0111_text_001_chunk_001,1
q14,2018_2018_sec_0104_text_001_chunk_001,2
q14,2018_2018_sec_0105_text_001_chunk_001,2
q14,2018_2018_sec_0106_text_001_chunk_001,2
q14,2018_2018_sec_0106_text_001_chunk_002,2
q14,2018_2018_sec_0106_text_001_chunk_010,2
q15,2014_2014_sec_0015_text_001_chunk_001,2
q15,2014_2014_sec_0015_text_001_chunk_002,2
q15,2014_2014_sec_0015_text_001_chunk_003,2
q15,2014_2014_sec_0015_text_001_chunk_004,2
q15,2015_2015_sec_0013_text_001_chunk_001,2
q15,2015_2015_sec_0013_text_001_chunk_003,2
q15,2015_2015_sec_0013_text_001_chunk_004,2
q15,2015_2015_sec_0013_text_001_chunk_013,2
q15,2015_2015_sec_0013_text_001_chunk_014,2
q15,2015_2015_sec_0013_text_001_chunk_018,1
q15,2015_2015_sec_0016_text_001_chunk_001,2
q15,2015_2015_sec_0016_text_001_chunk_002,0
q15,2015_2015_sec_0016_text_001_chunk_003,2
q15,2015_2015_sec_0119_text_001_chunk_001,2
q15,2016_2016_sec_0001_text_001_chunk_002,2
q15,2016_2016_sec_0015_text_001_chunk_004,2
q15,2016_2016_sec_0015_text_001_chunk_009,2
q15,2016_2016_sec_0018_text_001_chunk_001,2
q15,2016_2016_sec_0018_text_001_chunk_003,2
q15,2016_2016_sec_0018_text_001_chunk_004,2
q15,2016_2016_sec_0018_text_001_chunk_005,2
q15,2016_2016_sec_0122_text_001_chunk_001,2
q15,2017_2017_sec_0001_text_001_chunk_011,2
q15,2017_2017_sec_0001_text_001_chunk_012,2
q15,2017_2017_sec_0015_text_001_chunk_004,2
q15,2017_2017_sec_0018_text_001_chunk_001,2
q15,2017_2017_sec_0018_text_001_chunk_002,2
q15,2017_2017_sec_0114_text_001_chunk_001,2
q15,2018_2018_sec_0001_text_001_chunk_008,2
q15,2018_2018_sec_0001_text_001_chunk_009,2
q15,2018_2018_sec_0018_text_001_chunk_001,2
q15,2018_2018_sec_0018_text_001_chunk_002,2
q15,2018_2018_sec_0018_text_001_chunk_003,1
q15,2018_2018_sec_0021_text_001_chunk_001,2
q15,2018_2018_sec_0021_text_001_chunk_002,2
q15,2018_2018_sec_0021_text_001_chunk_003,2
q15,2018_2018_sec_0021_text_001_chunk_004,2
q15,2018_2018_sec_0021_text_001_chunk_005,2
q15,2018_2018_sec_0114_text_001_chunk_001,2
q16,2014_2014_sec_0027_text_001_chunk_001,2
q16,2014_2014_sec_0027_text_001_chunk_002,2
q16,2014_2014_sec_0031_text_001_chunk_001,2
q16,2014_2014_sec_0032_text_001_chunk_001,2
q16,2014_2014_sec_0033_text_001_chunk_001,2
q16,2014_2014_sec_0033_text_001_chunk_002,2
q16,2014_2014_sec_0033_text_001_chunk_003,2
q16,2014_2014_sec_0033_text_001_chunk_004,2
q16,2014_2014_sec_0054_text_001_chunk_001,2
q16,2014_2014_sec_0090_text_001_chunk_002,2
q16,2015_2015_sec_0001_text_001_chunk_005,2
q16,2015_2015_sec_0013_text_001_chunk_008,2
q16,2015_2015_sec_0013_text_001_chunk_009,2
q16,2015_2015_sec_0013_text_001_chunk_012,2
q16,2015_2015_sec_0027_text_001_chunk_001,2
q16,2015_2015_sec_0027_text_001_chunk_002,2
q16,2015_2015_sec_0031_text_001_chunk_001,2
q16,2015_2015_sec_0033_text_001_chunk_001,2
q16,2016_2016_sec_0031_text_001_chunk_001,2
q16,2016_2016_sec_0034_text_001_chunk_001,2
q16,2016_2016_sec_0036_text_001_chunk_003,2
q16,2016_2016_sec_0036_text_001_chunk_004,2
q16,2016_2016_sec_0036_text_001_chunk_005,2
q16,2017_2017_sec_0028_text_001_chunk_002,2
q16,2017_2017_sec_0035_text_001_chunk_001,2
q16,2017_2017_sec_0035_text_001_chunk_005,2
q16,2018_2018_sec_0036_text_001_chunk_001,2
q16,2018_2018_sec_0038_text_001_chunk_002,2
q16,2018_2018_sec_0038_text_001_chunk_004,2
q17,2014_2014_sec_0056_text_001_chunk_001,2
q17,2014_2014_sec_0057_text_001_chunk_001,2
q17,2014_2014_sec_0057_text_001_chunk_002,2
q17,2014_2014_sec_0057_text_001_chunk_003,2
q17,2014_2014_sec_0058_text_001_chunk_001,2
q17,2015_2015_sec_0001_text_001_chunk_008,2
q17,2015_2015_sec_0059_text_001_chunk_001,2
q17,2015_2015_sec_0060_text_001_chunk_001,2
q17,2015_2015_sec_0062_text_001_chunk_001,2
q17,2015_2015_sec_0131_text_001_chunk_003,2
q17,2016_2016_sec_0030_text_001_chunk_001,0
q17,2016_2016_sec_0049_text_001_chunk_002,2
q17,2016_2016_sec_0064_text_001_chunk_001,2
q17,2016_2016_sec_0064_text_001_chunk_002,2
q17,2016_2016_sec_0065_text_001_chunk_001,2
q17,2016_2016_sec_0067_text_001_chunk_001,2
q17,2016_2016_sec_0114_text_003_chunk_005,0
q17,2017_2017_sec_0059_text_001_chunk_001,2
q17,2017_2017_sec_0059_text_002_chunk_001,2
q17,2017_2017_sec_0061_text_001_chunk_001,2
q17,2017_2017_sec_0078_text_001_chunk_001,2
q17,2018_2018_sec_0061_text_001_chunk_002,2
q17,2018_2018_sec_0062_text_001_chunk_001,2
q17,2018_2018_sec_0062_text_002_chunk_001,2
q18,2014_2014_sec_0048_text_001_chunk_001,1
q18,2014_2014_sec_0049_text_001_chunk_001,2
q18,2014_2014_sec_0049_text_001_chunk_002,2
q18,2014_2014_sec_0049_text_001_chunk_003,2
q18,2014_2014_sec_0057_text_001_chunk_002,2
q18,2014_2014_sec_0082_text_001_chunk_001,2
q18,2015_2015_sec_0001_text_001_chunk_006,2
q18,2015_2015_sec_0001_text_001_chunk_011,2
q18,2015_2015_sec_0013_text_001_chunk_011,2
q18,2015_2015_sec_0049_text_001_chunk_001,2
q18,2015_2015_sec_0050_text_001_chunk_001,2
q18,2015_2015_sec_0051_text_001_chunk_001,2
q18,2015_2015_sec_0059_text_001_chunk_001,2
q18,2015_2015_sec_0063_text_001_chunk_001,2
q18,2015_2015_sec_0068_text_001_chunk_001,2
q18,2015_2015_sec_0089_text_001_chunk_001,2
q18,2015_2015_sec_0094_text_001_chunk_002,2
q18,2016_2016_sec_0056_text_001_chunk_001,2
q18,2016_2016_sec_0064_text_001_chunk_002,2
q18,2016_2016_sec_0092_text_001_chunk_001,2
q18,2017_2017_sec_0001_text_001_chunk_001,2
q18,2017_2017_sec_0050_text_001_chunk_001,2
q18,2017_2017_sec_0086_text_001_chunk_001,2
q18,2017_2017_sec_0088_text_001_chunk_001,2
q18,2018_2018_sec_0053_text_001_chunk_001,2
q18,2018_2018_sec_0090_text_001_chunk_001,2
q18,2018_2018_sec_0095_text_001_chunk_001,1
q19,2014_2014_sec_0085_text_001_chunk_001,2
q19,2014_2014_sec_0085_text_001_chunk_003,2
q19,2014_2014_sec_0085_text_001_chunk_004,2
q19,2014_2014_sec_0085_text_001_chunk_005,2
q19,2014_2014_sec_0086_text_001_chunk_001,2
q19,2014_2014_sec_0086_text_001_chunk_002,2
q19,2015_2015_sec_0001_text_001_chunk_012,2
q19,2015_2015_sec_0013_text_001_chunk_017,2
q19,2015_2015_sec_0091_text_001_chunk_001,2
q19,2015_2015_sec_0091_text_001_chunk_002,2
q19,2015_2015_sec_0092_text_001_chunk_001,2
q19,2015_2015_sec_0092_text_001_chunk_002,2
q19,2016_2016_sec_0092_text_002_chunk_001,2
q19,2016_2016_sec_0099_text_001_chunk_001,2
q19,2017_2017_sec_0001_text_001_chunk_007,2
q19,2017_2017_sec_0090_text_001_chunk_003,2
q19,2017_2017_sec_0091_text_001_chunk_001,2
q19,2018_2018_sec_0001_text_001_chunk_006,2
q19,2018_2018_sec_0092_text_001_chunk_001,2
q19,2018_2018_sec_0092_text_001_chunk_002,2
q19,2018_2018_sec_0093_text_001_chunk_001,2
q19,2018_2018_sec_0106_text_002_chunk_001,1
q20,2014_2014_sec_0001_text_001_chunk_001,0
q20,2014_2014_sec_0016_text_001_chunk_002,0
q20,2014_2014_sec_0018_text_001_chunk_002,0
q20,2014_2014_sec_0072_text_001_chunk_002,0
q20,2014_2014_sec_0072_text_001_chunk_005,0
q20,2014_2014_sec_0135_text_001_chunk_001,0
q20,2015_2015_sec_0002_text_001_chunk_001,0
q20,2015_2015_sec_0002_text_001_chunk_005,0
q20,2015_2015_sec_0002_text_001_chunk_006,0
q20,2015_2015_sec_0002_text_001_chunk_007,0
q20,2015_2015_sec_0002_text_001_chunk_010,0
q20,2015_2015_sec_0002_text_001_chunk_014,0
q20,2015_2015_sec_0013_text_001_chunk_021,0
q20,2015_2015_sec_0024_text_001_chunk_001,0
q20,2015_2015_sec_0080_text_001_chunk_002,0
q20,2015_2015_sec_0121_text_001_chunk_001,0
q20,2016_2016_sec_0002_text_001_chunk_001,0
q20,2016_2016_sec_0002_text_001_chunk_007,0
q20,2016_2016_sec_0013_text_001_chunk_001,0
q20,2016_2016_sec_0013_text_001_chunk_003,0
q20,2016_2016_sec_0015_text_001_chunk_001,0
q20,2016_2016_sec_0026_text_001_chunk_001,0
q20,2016_2016_sec_0028_text_001_chunk_001,0
q20,2016_2016_sec_0142_text_001_chunk_002,0
q20,2017_2017_sec_0002_text_001_chunk_001,2
q20,2017_2017_sec_0002_text_001_chunk_002,2
q20,2017_2017_sec_0002_text_001_chunk_003,2
q20,2017_2017_sec_0002_text_001_chunk_004,2
q20,2017_2017_sec_0002_text_001_chunk_005,2
q20,2017_2017_sec_0002_text_001_chunk_006,2
q20,2017_2017_sec_0002_text_001_chunk_007,2
q20,2017_2017_sec_0002_text_001_chunk_008,2
q20,2017_2017_sec_0002_text_001_chunk_009,2
q20,2017_2017_sec_0002_text_001_chunk_010,2
q20,2017_2017_sec_0002_text_001_chunk_011,2
q20,2017_2017_sec_0002_text_001_chunk_012,2
q20,2017_2017_sec_0002_text_001_chunk_014,2
q20,2017_2017_sec_0002_text_001_chunk_015,2
q20,2017_2017_sec_0013_text_001_chunk_001,2
q20,2017_2017_sec_0015_text_001_chunk_003,2
q20,2017_2017_sec_0015_text_001_chunk_007,2
q20,2017_2017_sec_0015_text_001_chunk_010,2
q20,2017_2017_sec_0015_text_001_chunk_012,2
q20,2017_2017_sec_0015_text_001_chunk_013,2
q20,2017_2017_sec_0020_text_001_chunk_001,2
q20,2017_2017_sec_0021_text_001_chunk_001,2
q20,2017_2017_sec_0080_text_001_chunk_003,2
q20,2018_2018_sec_0002_text_001_chunk_001,0
q20,2018_2018_sec_0002_text_001_chunk_018,0
q20,2018_2018_sec_0020_text_001_chunk_001,0
q20,2018_2018_sec_0024_text_001_chunk_001,0
q20,2018_2018_sec_0029_text_001_chunk_001,0
q20,2018_2018_sec_0033_text_001_chunk_001,0
q20,2018_2018_sec_0085_text_001_chunk_001,0
q21,2014_2014_sec_0014_text_001_chunk_001,0
q21,2014_2014_sec_0016_text_001_chunk_001,0
q21,2014_2014_sec_0043_text_001_chunk_001,2
q21,2014_2014_sec_0043_text_001_chunk_002,2
q21,2014_2014_sec_0044_text_001_chunk_001,2
q21,2014_2014_sec_0044_text_001_chunk_002,2
q21,2014_2014_sec_0045_text_001_chunk_001,2
q21,2014_2014_sec_0046_text_001_chunk_001,2
q21,2014_2014_sec_0047_text_001_chunk_001,2
q21,2014_2014_sec_0048_text_001_chunk_001,2
q21,2014_2014_sec_0049_text_001_chunk_003,2
q21,2014_2014_sec_0054_text_001_chunk_001,2
q21,2014_2014_sec_0057_text_001_chunk_001,2
q21,2014_2014_sec_0072_text_001_chunk_002,0
q21,2014_2014_sec_0086_text_001_chunk_001,0
q21,2014_2014_sec_0128_text_001_chunk_002,1
q21,2014_2014_sec_0131_text_001_chunk_002,0
q21,2015_2015_sec_0001_text_001_chunk_002,0
q21,2015_2015_sec_0001_text_001_chunk_006,0
q21,2015_2015_sec_0013_text_001_chunk_010,0
q21,2015_2015_sec_0013_text_001_chunk_015,0
q21,2015_2015_sec_0022_text_001_chunk_001,0
q21,2015_2015_sec_0045_text_001_chunk_001,0
q21,2015_2015_sec_0045_text_001_chunk_002,0
q21,2015_2015_sec_0046_text_001_chunk_001,0
q21,2015_2015_sec_0048_text_001_chunk_001,0
q21,2016_2016_sec_0015_text_001_chunk_006,0
q21,2016_2016_sec_0015_text_001_chunk_009,0
q21,2016_2016_sec_0048_text_001_chunk_002,0
q21,2016_2016_sec_0048_text_001_chunk_003,0
q21,2016_2016_sec_0049_text_001_chunk_001,0
q21,2016_2016_sec_0049_text_001_chunk_002,2
q21,2016_2016_sec_0049_text_001_chunk_003,0
q21,2016_2016_sec_0049_text_001_chunk_004,0
q21,2016_2016_sec_0049_text_001_chunk_005,0
q21,2016_2016_sec_0052_text_001_chunk_001,0
q21,2016_2016_sec_0055_text_001_chunk_001,0
q21,2017_2017_sec_0001_text_001_chunk_001,0
q21,2017_2017_sec_0015_text_001_chunk_001,0
q21,2017_2017_sec_0015_text_001_chunk_007,0
q21,2017_2017_sec_0015_text_001_chunk_008,0
q21,2017_2017_sec_0046_text_001_chunk_001,0
q21,2018_2018_sec_0049_text_001_chunk_001,0
q21,2018_2018_sec_0052_text_001_chunk_001,0
q22,2014_2014_sec_0029_text_001_chunk_003,0
q22,2014_2014_sec_0043_text_001_chunk_002,0
q22,2014_2014_sec_0085_text_001_chunk_002,0
q22,2014_2014_sec_0099_text_001_chunk_001,0
q22,2015_2015_sec_0001_text_001_chunk_001,1
q22,2015_2015_sec_0001_text_001_chunk_002,1
q22,2015_2015_sec_0001_text_001_chunk_008,0
q22,2015_2015_sec_0002_text_001_chunk_005,1
q22,2015_2015_sec_0002_text_001_chunk_008,1
q22,2015_2015_sec_0002_text_001_chunk_011,1
q22,2015_2015_sec_0002_text_001_chunk_014,1
q22,2015_2015_sec_0010_text_001_chunk_001,0
q22,2015_2015_sec_0010_text_001_chunk_002,1
q22,2015_2015_sec_0013_text_001_chunk_002,1
q22,2015_2015_sec_0013_text_001_chunk_003,1
q22,2015_2015_sec_0013_text_001_chunk_007,1
q22,2015_2015_sec_0013_text_001_chunk_011,0
q22,2015_2015_sec_0013_text_001_chunk_012,0
q22,2015_2015_sec_0013_text_001_chunk_015,1
q22,2015_2015_sec_0015_text_001_chunk_003,1
q22,2015_2015_sec_0015_text_001_chunk_004,1
q22,2015_2015_sec_0030_text_001_chunk_001,1
q22,2015_2015_sec_0044_text_001_chunk_001,0
q22,2015_2015_sec_0046_text_001_chunk_001,0
q22,2015_2015_sec_0047_text_001_chunk_001,0
q22,2015_2015_sec_0048_text_001_chunk_001,0
q22,2015_2015_sec_0050_text_001_chunk_001,0
q22,2015_2015_sec_0058_text_001_chunk_001,0
q22,2015_2015_sec_0060_text_001_chunk_001,0
q22,2015_2015_sec_0063_text_001_chunk_001,0
q22,2015_2015_sec_0065_text_001_chunk_001,0
q22,2015_2015_sec_0068_text_001_chunk_001,2
q22,2015_2015_sec_0072_text_001_chunk_001,0
q22,2015_2015_sec_0075_text_001_chunk_001,0
q22,2015_2015_sec_0086_text_001_chunk_001,0
q22,2015_2015_sec_0110_text_001_chunk_001,0
q22,2015_2015_sec_0111_text_003_chunk_010,0
q22,2016_2016_sec_0001_text_001_chunk_004,1
q22,2016_2016_sec_0001_text_001_chunk_006,0
q22,2016_2016_sec_0048_text_001_chunk_001,1
q22,2016_2016_sec_0049_text_001_chunk_001,1
q22,2016_2016_sec_0054_text_001_chunk_002,1
q22,2016_2016_sec_0056_text_001_chunk_001,0
q22,2016_2016_sec_0101_text_001_chunk_003,0
q22,2016_2016_sec_0113_text_001_chunk_001,0
q22,2016_2016_sec_0113_text_002_chunk_001,0
q22,2016_2016_sec_0134_text_001_chunk_002,0
q22,2017_2017_sec_0015_text_001_chunk_002,0
q22,2017_2017_sec_0015_text_001_chunk_003,0
q22,2017_2017_sec_0072_text_001_chunk_001,0
q22,2017_2017_sec_0075_text_001_chunk_001,0
q22,2017_2017_sec_0104_text_001_chunk_001,0
q22,2018_2018_sec_0029_text_001_chunk_002,0
q22,2018_2018_sec_0052_text_001_chunk_001,0
q22,2018_2018_sec_0060_text_001_chunk_001,0
q22,2018_2018_sec_0075_text_001_chunk_001,0
q22,2018_2018_sec_0078_text_001_chunk_001,0
q22,2018_2018_sec_0104_text_001_chunk_001,0
q23,2014_2014_sec_0020_text_001_chunk_001,0
q23,2014_2014_sec_0022_text_001_chunk_001,0
q23,2014_2014_sec_0047_text_001_chunk_001,0
q23,2014_2014_sec_0048_text_001_chunk_001,0
q23,2014_2014_sec_0048_text_001_chunk_002,0
q23,2014_2014_sec_0060_text_001_chunk_001,0
q23,2014_2014_sec_0098_text_001_chunk_001,0
q23,2015_2015_sec_0001_text_001_chunk_004,0
q23,2015_2015_sec_0001_text_001_chunk_006,0
q23,2015_2015_sec_0013_text_001_chunk_020,0
q23,2015_2015_sec_0024_text_001_chunk_001,0
q23,2015_2015_sec_0047_text_001_chunk_001,0
q23,2015_2015_sec_0048_text_001_chunk_001,0
q23,2015_2015_sec_0049_text_001_chunk_001,0
q23,2015_2015_sec_0049_text_001_chunk_002,0
q23,2015_2015_sec_0065_text_001_chunk_001,0
q23,2015_2015_sec_0066_text_001_chunk_001,0
q23,2016_2016_sec_0001_text_001_chunk_004,2
q23,2016_2016_sec_0001_text_002_chunk_001,2
q23,2016_2016_sec_0002_text_001_chunk_002,2
q23,2016_2016_sec_0013_text_001_chunk_002,1
q23,2016_2016_sec_0015_text_001_chunk_002,2
q23,2016_2016_sec_0015_text_001_chunk_006,1
q23,2016_2016_sec_0015_text_001_chunk_009,0
q23,2016_2016_sec_0024_text_001_chunk_001,2
q23,2016_2016_sec_0026_text_001_chunk_001,0
q23,2016_2016_sec_0032_text_001_chunk_002,0
q23,2016_2016_sec_0044_text_001_chunk_002,0
q23,2016_2016_sec_0048_text_001_chunk_001,0
q23,2016_2016_sec_0048_text_001_chunk_002,0
q23,2016_2016_sec_0048_text_001_chunk_003,0
q23,2016_2016_sec_0049_text_001_chunk_001,0
q23,2016_2016_sec_0049_text_001_chunk_003,1
q23,2016_2016_sec_0049_text_001_chunk_004,1
q23,2016_2016_sec_0049_text_001_chunk_005,0
q23,2016_2016_sec_0052_text_001_chunk_001,0
q23,2016_2016_sec_0054_text_001_chunk_001,2
q23,2016_2016_sec_0055_text_001_chunk_001,0
q23,2016_2016_sec_0059_text_001_chunk_001,0
q23,2016_2016_sec_0064_text_001_chunk_001,0
q23,2016_2016_sec_0064_text_001_chunk_002,0
q23,2016_2016_sec_0068_text_001_chunk_001,0
q23,2016_2016_sec_0070_text_001_chunk_001,0
q23,2016_2016_sec_0109_text_001_chunk_001,0
q23,2016_2016_sec_0113_text_002_chunk_001,0
q23,2016_2016_sec_0114_text_003_chunk_005,0
q23,2016_2016_sec_0125_text_001_chunk_001,0
q23,2016_2016_sec_0141_text_001_chunk_001,1
q23,2017_2017_sec_0001_text_001_chunk_002,1
q23,2017_2017_sec_0001_text_001_chunk_004,0
q23,2017_2017_sec_0002_text_001_chunk_007,0
q23,2017_2017_sec_0013_text_001_chunk_003,0
q23,2017_2017_sec_0015_text_001_chunk_001,2
q23,2017_2017_sec_0015_text_001_chunk_005,1
q23,2017_2017_sec_0015_text_001_chunk_007,0
q23,2017_2017_sec_0015_text_001_chunk_009,0
q23,2017_2017_sec_0015_text_001_chunk_010,0
q23,2017_2017_sec_0015_text_001_chunk_013,0
q23,2017_2017_sec_0024_text_001_chunk_001,0
q23,2017_2017_sec_0055_text_001_chunk_001,0
q23,2017_2017_sec_0103_text_001_chunk_001,0
q23,2018_2018_sec_0001_text_001_chunk_002,0
q23,2018_2018_sec_0025_text_001_chunk_001,0
q23,2018_2018_sec_0029_text_001_chunk_001,0
q23,2018_2018_sec_0030_text_001_chunk_001,0
q23,2018_2018_sec_0085_text_001_chunk_001,0
q24,2014_2014_sec_0001_text_001_chunk_006,0
q24,2014_2014_sec_0001_text_001_chunk_007,0
q24,2014_2014_sec_0021_text_001_chunk_002,0
q24,2014_2014_sec_0021_text_001_chunk_003,0
q24,2014_2014_sec_0022_text_001_chunk_002,0
q24,2014_2014_sec_0024_text_001_chunk_001,0
q24,2014_2014_sec_0028_text_001_chunk_001,0
q24,2014_2014_sec_0033_text_001_chunk_001,0
q24,2014_2014_sec_0033_text_001_chunk_003,0
q24,2014_2014_sec_0035_text_001_chunk_002,0
q24,2014_2014_sec_0036_text_001_chunk_001,0
q24,2014_2014_sec_0037_text_001_chunk_001,0
q24,2014_2014_sec_0072_text_001_chunk_001,0
q24,2014_2014_sec_0072_text_001_chunk_003,0
q24,2014_2014_sec_0128_text_001_chunk_002,0
q24,2014_2014_sec_0135_text_001_chunk_001,0
q24,2015_2015_sec_0002_text_001_chunk_001,0
q24,2015_2015_sec_0013_text_001_chunk_007,0
q24,2015_2015_sec_0013_text_001_chunk_010,0
q24,2015_2015_sec_0013_text_001_chunk_019,0
q24,2015_2015_sec_0024_text_001_chunk_001,0
q24,2015_2015_sec_0028_text_001_chunk_001,0
q24,2015_2015_sec_0031_text_001_chunk_001,0
q24,2015_2015_sec_0035_text_001_chunk_001,0
q24,2015_2015_sec_0080_text_001_chunk_002,0
q24,2015_2015_sec_0146_text_001_chunk_002,0
q24,2016_2016_sec_0001_text_001_chunk_006,0
q24,2016_2016_sec_0002_text_001_chunk_001,0
q24,2016_2016_sec_0026_text_001_chunk_001,0
q24,2016_2016_sec_0031_text_001_chunk_001,0
q24,2016_2016_sec_0052_text_001_chunk_001,0
q24,2016_2016_sec_0075_text_001_chunk_001,0
q24,2016_2016_sec_0133_text_001_chunk_001,0
q24,2016_2016_sec_0147_text_001_chunk_001,0
q24,2016_2016_sec_0147_text_001_chunk_002,0
q24,2017_2017_sec_0001_text_001_chunk_006,2
q24,2017_2017_sec_0001_text_001_chunk_010,2
q24,2017_2017_sec_0002_text_001_chunk_002,2
q24,2017_2017_sec_0002_text_001_chunk_003,2
q24,2017_2017_sec_0002_text_001_chunk_005,2
q24,2017_2017_sec_0002_text_001_chunk_006,2
q24,2017_2017_sec_0002_text_001_chunk_007,2
q24,2017_2017_sec_0002_text_001_chunk_008,2
q24,2017_2017_sec_0002_text_001_chunk_010,2
q24,2017_2017_sec_0002_text_001_chunk_011,2
q24,2017_2017_sec_0002_text_001_chunk_012,2
q24,2017_2017_sec_0002_text_001_chunk_013,2
q24,2017_2017_sec_0002_text_001_chunk_014,2
q24,2017_2017_sec_0002_text_001_chunk_015,2
q24,2017_2017_sec_0013_text_001_chunk_001,2
q24,2017_2017_sec_0013_text_001_chunk_003,2
q24,2017_2017_sec_0015_text_001_chunk_001,2
q24,2017_2017_sec_0015_text_001_chunk_003,0
q24,2017_2017_sec_0015_text_001_chunk_007,1
q24,2017_2017_sec_0015_text_001_chunk_010,1
q24,2017_2017_sec_0015_text_001_chunk_013,1
q24,2017_2017_sec_0015_text_001_chunk_018,1
q24,2017_2017_sec_0015_text_001_chunk_019,1
q24,2017_2017_sec_0015_text_001_chunk_020,1
q24,2017_2017_sec_0017_text_001_chunk_001,2
q24,2017_2017_sec_0021_text_001_chunk_001,2
q24,2017_2017_sec_0024_text_001_chunk_001,2
q24,2017_2017_sec_0026_text_001_chunk_001,2
q24,2017_2017_sec_0027_text_001_chunk_001,2
q24,2017_2017_sec_0029_text_001_chunk_001,2
q24,2017_2017_sec_0029_text_001_chunk_002,2
q24,2017_2017_sec_0035_text_001_chunk_005,2
q24,2017_2017_sec_0037_text_001_chunk_001,2
q24,2017_2017_sec_0038_text_001_chunk_001,2
q24,2017_2017_sec_0080_text_001_chunk_003,2
q24,2017_2017_sec_0085_text_001_chunk_001,0
q24,2017_2017_sec_0140_text_001_chunk_001,0
q24,2017_2017_sec_0140_text_001_chunk_002,2
q24,2018_2018_sec_0002_text_001_chunk_017,0
q24,2018_2018_sec_0020_text_001_chunk_001,0
q24,2018_2018_sec_0027_text_001_chunk_002,0
q24,2018_2018_sec_0029_text_001_chunk_001,0
q24,2018_2018_sec_0033_text_001_chunk_001,0
q24,2018_2018_sec_0033_text_001_chunk_002,0
q24,2018_2018_sec_0125_text_001_chunk_001,0
q24,2018_2018_sec_0134_text_001_chunk_001,0
q24,2018_2018_sec_0140_text_001_chunk_002,0
q25,2014_2014_sec_0119_text_001_chunk_001,0
q25,2014_2014_sec_0119_text_001_chunk_007,0
q25,2014_2014_sec_0119_text_001_chunk_008,0
q25,2015_2015_sec_0131_text_001_chunk_001,0
q25,2015_2015_sec_0131_text_001_chunk_015,0
q25,2015_2015_sec_0131_text_001_chunk_016,0
q25,2016_2016_sec_0001_text_001_chunk_008,0
q25,2016_2016_sec_0134_text_001_chunk_001,0
q25,2016_2016_sec_0134_text_001_chunk_019,0
q25,2016_2016_sec_0134_text_001_chunk_020,0
q25,2017_2017_sec_0001_text_001_chunk_006,0
q25,2017_2017_sec_0126_text_001_chunk_001,0
q25,2017_2017_sec_0126_text_001_chunk_015,0
q25,2017_2017_sec_0134_text_001_chunk_002,0
q25,2018_2018_sec_0001_text_001_chunk_005,2
q25,2018_2018_sec_0029_text_001_chunk_001,0
q25,2018_2018_sec_0033_text_001_chunk_001,0
q25,2018_2018_sec_0061_text_001_chunk_002,0
q25,2018_2018_sec_0062_text_001_chunk_001,0
q25,2018_2018_sec_0085_text_001_chunk_011,0
q25,2018_2018_sec_0094_text_001_chunk_001,0
q25,2018_2018_sec_0095_text_001_chunk_002,2
q25,2018_2018_sec_0126_text_001_chunk_001,2
q25,2018_2018_sec_0126_text_001_chunk_002,1
q25,2018_2018_sec_0126_text_001_chunk_003,0
q25,2018_2018_sec_0126_text_001_chunk_004,0
q25,2018_2018_sec_0126_text_001_chunk_007,0
q25,2018_2018_sec_0126_text_001_chunk_008,0
q25,2018_2018_sec_0126_text_001_chunk_012,0
q25,2018_2018_sec_0126_text_001_chunk_013,0
q25,2018_2018_sec_0126_text_001_chunk_014,0
q25,2018_2018_sec_0126_text_001_chunk_015,0
q25,2018_2018_sec_0126_text_001_chunk_016,2
q25,2018_2018_sec_0134_text_001_chunk_001,0
q25,2018_2018_sec_0134_text_001_chunk_002,2
q25,2018_2018_sec_0138_text_001_chunk_006,0
q26,2014_2014_sec_0066_text_001_chunk_001,0
q26,2014_2014_sec_0088_text_001_chunk_001,2
q26,2014_2014_sec_0119_text_001_chunk_001,2
q26,2014_2014_sec_0119_text_001_chunk_007,2
q26,2014_2014_sec_0119_text_001_chunk_008,2
q26,2015_2015_sec_0001_text_001_chunk_011,2
q26,2015_2015_sec_0094_text_001_chunk_001,2
q26,2015_2015_sec_0131_text_001_chunk_001,2
q26,2015_2015_sec_0131_text_001_chunk_015,2
q26,2015_2015_sec_0131_text_001_chunk_016,2
q26,2016_2016_sec_0001_text_001_chunk_008,2
q26,2016_2016_sec_0067_text_001_chunk_001,1
q26,2016_2016_sec_0134_text_001_chunk_001,2
q26,2016_2016_sec_0134_text_001_chunk_019,2
q26,2016_2016_sec_0134_text_001_chunk_020,2
q26,2017_2017_sec_0015_text_001_chunk_014,0
q26,2017_2017_sec_0126_text_001_chunk_001,2
q26,2017_2017_sec_0126_text_001_chunk_015,2
q26,2018_2018_sec_0095_text_001_chunk_002,2
q26,2018_2018_sec_0126_text_001_chunk_001,2
q26,2018_2018_sec_0126_text_001_chunk_016,2
q27,2014_2014_sec_0070_text_001_chunk_001,0
q27,2014_2014_sec_0101_text_001_chunk_001,0
q27,2014_2014_sec_0120_text_001_chunk_001,1
q27,2015_2015_sec_0002_text_001_chunk_007,0
q27,2015_2015_sec_0025_text_001_chunk_001,0
q27,2015_2015_sec_0131_text_001_chunk_002,0
q27,2015_2015_sec_0131_text_001_chunk_003,0
q27,2015_2015_sec_0131_text_001_chunk_007,2
q27,2015_2015_sec_0131_text_001_chunk_008,0
q27,2015_2015_sec_0132_text_001_chunk_001,1
q27,2015_2015_sec_0132_text_001_chunk_002,2
q27,2016_2016_sec_0134_text_001_chunk_007,2
q27,2016_2016_sec_0135_text_001_chunk_001,1
q27,2016_2016_sec_0135_text_001_chunk_002,2
q27,2017_2017_sec_0077_text_002_chunk_001,0
q27,2017_2017_sec_0108_text_001_chunk_001,0
q27,2017_2017_sec_0126_text_001_chunk_001,1
q27,2017_2017_sec_0127_text_001_chunk_001,1
q27,2017_2017_sec_0127_text_001_chunk_002,2
q27,2017_2017_sec_0127_text_001_chunk_003,0
q27,2017_2017_sec_0128_text_001_chunk_001,2
q27,2018_2018_sec_0002_text_001_chunk_003,0
q27,2018_2018_sec_0030_text_001_chunk_001,0
q27,2018_2018_sec_0126_text_001_chunk_001,1
q27,2018_2018_sec_0126_text_001_chunk_007,0
q27,2018_2018_sec_0127_text_002_chunk_001,2
q27,2018_2018_sec_0128_text_001_chunk_001,2
q28,2014_2014_sec_0015_text_001_chunk_002,0
q28,2014_2014_sec_0023_text_002_chunk_001,0
q28,2014_2014_sec_0101_text_001_chunk_001,0
q28,2014_2014_sec_0117_text_001_chunk_002,0
q28,2014_2014_sec_0117_text_001_chunk_003,0
q28,2014_2014_sec_0117_text_001_chunk_004,0
q28,2014_2014_sec_0119_text_001_chunk_005,2
q28,2014_2014_sec_0120_text_001_chunk_001,1
q28,2014_2014_sec_0120_text_001_chunk_004,2
q28,2015_2015_sec_0131_text_001_chunk_007,2
q28,2015_2015_sec_0131_text_001_chunk_008,1
q28,2015_2015_sec_0131_text_001_chunk_011,2
q28,2015_2015_sec_0132_text_001_chunk_001,1
q28,2015_2015_sec_0132_text_001_chunk_004,2
q28,2016_2016_sec_0018_text_001_chunk_003,0
q28,2016_2016_sec_0054_text_001_chunk_001,0
q28,2016_2016_sec_0132_text_001_chunk_004,0
q28,2016_2016_sec_0134_text_001_chunk_007,2
q28,2016_2016_sec_0134_text_001_chunk_008,1
q28,2016_2016_sec_0134_text_001_chunk_012,2
q28,2016_2016_sec_0135_text_001_chunk_001,1
q28,2016_2016_sec_0135_text_001_chunk_004,2
q28,2017_2017_sec_0126_text_001_chunk_007,2
q28,2017_2017_sec_0126_text_001_chunk_010,2
q28,2017_2017_sec_0126_text_001_chunk_013,1
q28,2017_2017_sec_0127_text_001_chunk_001,1
q28,2017_2017_sec_0127_text_001_chunk_003,2
q28,2017_2017_sec_0128_text_001_chunk_001,2
q28,2018_2018_sec_0001_text_001_chunk_010,0
q28,2018_2018_sec_0021_text_001_chunk_003,0
q28,2018_2018_sec_0030_text_001_chunk_001,0
q28,2018_2018_sec_0032_text_001_chunk_001,0
q28,2018_2018_sec_0032_text_001_chunk_004,0
q28,2018_2018_sec_0107_text_001_chunk_001,0
q28,2018_2018_sec_0126_text_001_chunk_007,1
q28,2018_2018_sec_0126_text_001_chunk_010,2
q28,2018_2018_sec_0127_text_002_chunk_003,2
q28,2018_2018_sec_0128_text_001_chunk_001,2
q28,2018_2018_sec_0130_text_001_chunk_001,0
q29,2014_2014_sec_0101_text_001_chunk_001,0
q29,2014_2014_sec_0120_text_001_chunk_001,0
q29,2015_2015_sec_0056_text_001_chunk_001,0
q29,2015_2015_sec_0129_text_001_chunk_001,0
q29,2015_2015_sec_0129_text_001_chunk_002,0
q29,2015_2015_sec_0131_text_001_chunk_002,0
q29,2015_2015_sec_0131_text_001_chunk_014,0
q29,2015_2015_sec_0132_text_001_chunk_001,0
q29,2016_2016_sec_0065_text_001_chunk_001,0
q29,2016_2016_sec_0075_text_001_chunk_001,0
q29,2016_2016_sec_0075_text_001_chunk_002,0
q29,2016_2016_sec_0134_text_001_chunk_002,0
q29,2016_2016_sec_0134_text_001_chunk_007,0
q29,2016_2016_sec_0135_text_001_chunk_001,0
q29,2016_2016_sec_0135_text_001_chunk_002,0
q29,2016_2016_sec_0135_text_001_chunk_003,0
q29,2016_2016_sec_0135_text_001_chunk_004,0
q29,2016_2016_sec_0135_text_001_chunk_006,0
q29,2017_2017_sec_0061_text_001_chunk_001,0
q29,2017_2017_sec_0078_text_001_chunk_001,0
q29,2017_2017_sec_0108_text_001_chunk_001,0
q29,2017_2017_sec_0126_text_001_chunk_002,0
q29,2017_2017_sec_0126_text_001_chunk_006,0
q29,2017_2017_sec_0126_text_001_chunk_007,0
q29,2017_2017_sec_0127_text_001_chunk_001,0
q29,2017_2017_sec_0127_text_001_chunk_002,0
q29,2017_2017_sec_0127_text_001_chunk_003,0
q29,2017_2017_sec_0127_text_001_chunk_004,0
q29,2017_2017_sec_0128_text_001_chunk_001,0
q29,2018_2018_sec_0002_text_001_chunk_015,1
q29,2018_2018_sec_0030_text_001_chunk_001,0
q29,2018_2018_sec_0032_text_001_chunk_003,1
q29,2018_2018_sec_0033_text_001_chunk_001,1
q29,2018_2018_sec_0053_text_001_chunk_001,2
q29,2018_2018_sec_0062_text_001_chunk_001,0
q29,2018_2018_sec_0078_text_001_chunk_001,0
q29,2018_2018_sec_0080_text_001_chunk_001,0
q29,2018_2018_sec_0126_text_001_chunk_001,2
q29,2018_2018_sec_0126_text_001_chunk_002,2
q29,2018_2018_sec_0126_text_001_chunk_003,2
q29,2018_2018_sec_0126_text_001_chunk_007,2
q29,2018_2018_sec_0126_text_001_chunk_014,2
q29,2018_2018_sec_0126_text_001_chunk_015,2
q29,2018_2018_sec_0126_text_001_chunk_016,2
q29,2018_2018_sec_0127_text_002_chunk_001,2
q29,2018_2018_sec_0127_text_002_chunk_003,2
q29,2018_2018_sec_0127_text_002_chunk_004,2
q29,2018_2018_sec_0127_text_002_chunk_005,2
q29,2018_2018_sec_0128_text_001_chunk_001,0
q29,2018_2018_sec_0138_text_001_chunk_001,0
q29,2018_2018_sec_0138_text_001_chunk_008,1
q29,2018_2018_sec_0138_text_001_chunk_009,1
q30,2014_2014_sec_0070_text_001_chunk_001,2
q30,2015_2015_sec_0075_text_001_chunk_001,2
q30,2015_2015_sec_0077_text_001_chunk_001,2
q30,2015_2015_sec_0078_text_001_chunk_001,2
q30,2016_2016_sec_0001_text_001_chunk_006,2
q30,2016_2016_sec_0075_text_001_chunk_001,2
q30,2016_2016_sec_0081_text_001_chunk_001,2
q30,2016_2016_sec_0083_text_001_chunk_001,2
q30,2016_2016_sec_0084_text_001_chunk_001,1
q30,2017_2017_sec_0074_text_001_chunk_001,1
q30,2017_2017_sec_0075_text_001_chunk_001,2
q30,2017_2017_sec_0077_text_001_chunk_001,1
q30,2017_2017_sec_0077_text_002_chunk_001,2
q30,2017_2017_sec_0078_text_001_chunk_001,1
q30,2018_2018_sec_0077_text_001_chunk_001,2
q30,2018_2018_sec_0078_text_001_chunk_001,2
q30,2018_2018_sec_0080_text_001_chunk_001,2
q30,2018_2018_sec_0081_text_001_chunk_001,1
q31,2014_2014_sec_0001_text_001_chunk_001,0
q31,2014_2014_sec_0046_text_001_chunk_001,0
q31,2014_2014_sec_0053_text_001_chunk_001,0
q31,2014_2014_sec_0053_text_001_chunk_002,0
q31,2014_2014_sec_0057_text_001_chunk_001,2
q31,2014_2014_sec_0064_text_001_chunk_001,0
q31,2014_2014_sec_0065_text_001_chunk_001,0
q31,2014_2014_sec_0066_text_001_chunk_001,1
q31,2014_2014_sec_0068_text_001_chunk_001,1
q31,2014_2014_sec_0068_text_002_chunk_001,1
q31,2014_2014_sec_0069_text_001_chunk_001,1
q31,2014_2014_sec_0070_text_001_chunk_001,0
q31,2014_2014_sec_0078_text_001_chunk_001,0
q31,2014_2014_sec_0085_text_001_chunk_002,0
q31,2014_2014_sec_0133_text_002_chunk_001,0
q31,2014_2014_sec_0134_text_001_chunk_003,0
q31,2015_2015_sec_0071_text_002_chunk_001,0
q31,2015_2015_sec_0071_text_004_chunk_001,0
q31,2015_2015_sec_0072_text_001_chunk_001,0
q31,2015_2015_sec_0074_text_001_chunk_001,0
q31,2015_2015_sec_0075_text_001_chunk_001,1
q31,2015_2015_sec_0077_text_001_chunk_001,2
q31,2015_2015_sec_0078_text_001_chunk_001,0
q31,2016_2016_sec_0001_text_001_chunk_006,0
q31,2016_2016_sec_0075_text_001_chunk_001,0
q31,2016_2016_sec_0075_text_001_chunk_002,0
q31,2016_2016_sec_0080_text_001_chunk_001,0
q31,2016_2016_sec_0081_text_001_chunk_001,0
q31,2016_2016_sec_0083_text_001_chunk_001,0
q31,2016_2016_sec_0084_text_001_chunk_001,0
q31,2017_2017_sec_0074_text_001_chunk_001,0
q31,2017_2017_sec_0077_text_001_chunk_001,0
q31,2017_2017_sec_0077_text_002_chunk_001,0
q31,2017_2017_sec_0078_text_001_chunk_001,0
q31,2018_2018_sec_0075_text_001_chunk_001,0
q31,2018_2018_sec_0077_text_001_chunk_001,0
q31,2018_2018_sec_0080_text_001_chunk_001,0
q31,2018_2018_sec_0081_text_001_chunk_001,0
q32,2014_2014_sec_0021_text_001_chunk_003,1
q32,2014_2014_sec_0072_text_001_chunk_005,1
q32,2014_2014_sec_0073_text_001_chunk_001,2
q32,2014_2014_sec_0073_text_001_chunk_002,2
q32,2014_2014_sec_0073_text_001_chunk_003,2
q32,2014_2014_sec_0073_text_001_chunk_004,2
q32,2014_2014_sec_0073_text_001_chunk_005,2
q32,2014_2014_sec_0073_text_001_chunk_006,2
q32,2015_2015_sec_0021_text_001_chunk_002,2
q32,2015_2015_sec_0022_text_001_chunk_001,2
q32,2015_2015_sec_0045_text_001_chunk_001,2
q32,2015_2015_sec_0080_text_001_chunk_001,2
q32,2015_2015_sec_0080_text_001_chunk_003,2
q32,2015_2015_sec_0080_text_001_chunk_004,2
q32,2015_2015_sec_0080_text_001_chunk_007,2
q32,2015_2015_sec_0082_text_001_chunk_002,2
q32,2015_2015_sec_0082_text_001_chunk_003,2
q32,2016_2016_sec_0002_text_001_chunk_007,2
q32,2016_2016_sec_0017_text_001_chunk_004,0
q32,2016_2016_sec_0021_text_001_chunk_001,0
q32,2016_2016_sec_0024_text_001_chunk_001,0
q32,2016_2016_sec_0087_text_001_chunk_001,1
q32,2016_2016_sec_0088_text_001_chunk_001,2
q32,2016_2016_sec_0088_text_001_chunk_002,2
q32,2016_2016_sec_0088_text_001_chunk_004,2
q32,2017_2017_sec_0001_text_001_chunk_010,1
q32,2017_2017_sec_0082_text_001_chunk_003,2
q32,2018_2018_sec_0020_text_001_chunk_001,1
q32,2018_2018_sec_0027_text_001_chunk_001,1
q32,2018_2018_sec_0085_text_001_chunk_001,2
q32,2018_2018_sec_0085_text_001_chunk_005,2
q32,2018_2018_sec_0085_text_001_chunk_007,2
q32,2018_2018_sec_0085_text_001_chunk_008,2
q32,2018_2018_sec_0085_text_001_chunk_009,2
q32,2018_2018_sec_0085_text_001_chunk_011,2
q33,2014_2014_sec_0033_text_001_chunk_002,1
q33,2014_2014_sec_0072_text_001_chunk_001,2
q33,2014_2014_sec_0072_text_001_chunk_002,2
q33,2014_2014_sec_0072_text_001_chunk_003,2
q33,2014_2014_sec_0072_text_001_chunk_004,1
q33,2014_2014_sec_0072_text_001_chunk_005,2
q33,2014_2014_sec_0072_text_001_chunk_006,2
q33,2014_2014_sec_0123_text_001_chunk_001,0
q33,2014_2014_sec_0128_text_001_chunk_002,1
q33,2015_2015_sec_0002_text_001_chunk_007,2
q33,2015_2015_sec_0002_text_001_chunk_009,2
q33,2015_2015_sec_0080_text_001_chunk_001,2
q33,2015_2015_sec_0080_text_001_chunk_002,2
q33,2015_2015_sec_0080_text_001_chunk_003,2
q33,2015_2015_sec_0080_text_001_chunk_004,2
q33,2015_2015_sec_0080_text_001_chunk_005,2
q33,2015_2015_sec_0080_text_001_chunk_006,2
q33,2015_2015_sec_0080_text_001_chunk_007,2
q33,2015_2015_sec_0082_text_001_chunk_003,0
q33,2015_2015_sec_0135_text_001_chunk_001,0
q33,2016_2016_sec_0026_text_001_chunk_001,0
q33,2016_2016_sec_0063_text_001_chunk_001,0
q33,2016_2016_sec_0087_text_001_chunk_001,2
q33,2017_2017_sec_0002_text_001_chunk_009,2
q33,2017_2017_sec_0002_text_001_chunk_014,2
q33,2017_2017_sec_0013_text_001_chunk_001,0
q33,2017_2017_sec_0080_text_001_chunk_001,2
q33,2017_2017_sec_0080_text_001_chunk_002,2
q33,2017_2017_sec_0080_text_001_chunk_003,2
q33,2017_2017_sec_0080_text_002_chunk_001,2
q33,2018_2018_sec_0002_text_001_chunk_015,2
q33,2018_2018_sec_0002_text_001_chunk_017,2
q33,2018_2018_sec_0083_text_001_chunk_001,2
q33,2018_2018_sec_0083_text_001_chunk_002,2
q33,2018_2018_sec_0083_text_001_chunk_004,2
q33,2018_2018_sec_0083_text_001_chunk_005,2
q33,2018_2018_sec_0085_text_001_chunk_007,0
q34,2014_2014_sec_0001_text_001_chunk_006,2
q34,2014_2014_sec_0001_text_001_chunk_008,2
q34,2014_2014_sec_0044_text_001_chunk_001,2
q34,2014_2014_sec_0044_text_001_chunk_002,2
q34,2014_2014_sec_0072_text_001_chunk_001,2
q34,2014_2014_sec_0131_text_001_chunk_001,2
q34,2014_2014_sec_0131_text_001_chunk_002,2
q34,2014_2014_sec_0131_text_001_chunk_003,2
q34,2014_2014_sec_0132_text_001_chunk_001,2
q34,2014_2014_sec_0132_text_001_chunk_002,2
q34,2014_2014_sec_0132_text_001_chunk_003,2
q34,2015_2015_sec_0001_text_001_chunk_009,2
q34,2015_2015_sec_0013_text_001_chunk_017,2
q34,2015_2015_sec_0140_text_001_chunk_001,2
q34,2016_2016_sec_0015_text_001_chunk_008,1
q34,2016_2016_sec_0049_text_001_chunk_006,2
q34,2016_2016_sec_0049_text_001_chunk_007,2
q34,2016_2016_sec_0052_text_001_chunk_002,0
q34,2016_2016_sec_0143_text_001_chunk_001,2
q34,2016_2016_sec_0143_text_001_chunk_002,2
q34,2016_2016_sec_0143_text_001_chunk_003,2
q34,2016_2016_sec_0143_text_001_chunk_004,2
q34,2017_2017_sec_0001_text_001_chunk_004,2
q34,2017_2017_sec_0015_text_001_chunk_010,2
q34,2017_2017_sec_0066_text_001_chunk_001,1
q34,2017_2017_sec_0136_text_001_chunk_001,2
q34,2017_2017_sec_0136_text_001_chunk_002,2
q34,2017_2017_sec_0136_text_001_chunk_003,2
q34,2018_2018_sec_0029_text_001_chunk_002,1
q34,2018_2018_sec_0135_text_001_chunk_002,1
q34,2018_2018_sec_0136_text_001_chunk_001,2
q34,2018_2018_sec_0136_text_001_chunk_002,2
q34,2018_2018_sec_0136_text_001_chunk_003,2
q35,2014_2014_sec_0001_text_001_chunk_003,2
q35,2014_2014_sec_0001_text_001_chunk_007,2
q35,2014_2014_sec_0001_text_001_chunk_008,2
q35,2014_2014_sec_0129_text_001_chunk_003,0
q35,2014_2014_sec_0131_text_001_chunk_001,2
q35,2014_2014_sec_0131_text_001_chunk_003,2
q35,2014_2014_sec_0132_text_001_chunk_001,2
q35,2014_2014_sec_0132_text_001_chunk_002,2
q35,2014_2014_sec_0132_text_001_chunk_003,2
q35,2014_2014_sec_0132_text_001_chunk_004,2
q35,2015_2015_sec_0001_text_001_chunk_009,2
q35,2015_2015_sec_0002_text_001_chunk_009,2
q35,2015_2015_sec_0071_text_003_chunk_001,2
q35,2015_2015_sec_0080_text_001_chunk_005,2
q35,2015_2015_sec_0141_text_001_chunk_001,2
q35,2015_2015_sec_0142_text_001_chunk_001,2
q35,2015_2015_sec_0142_text_001_chunk_002,2
q35,2015_2015_sec_0142_text_001_chunk_003,2
q35,2016_2016_sec_0074_text_001_chunk_003,2
q35,2016_2016_sec_0142_text_001_chunk_001,0
q35,2016_2016_sec_0143_text_001_chunk_003,2
q35,2016_2016_sec_0143_text_001_chunk_004,2
q35,2017_2017_sec_0136_text_001_chunk_001,2
q35,2017_2017_sec_0136_text_001_chunk_002,2
q35,2017_2017_sec_0136_text_001_chunk_003,2
q35,2018_2018_sec_0001_text_001_chunk_004,2
q35,2018_2018_sec_0135_text_001_chunk_002,0
q35,2018_2018_sec_0136_text_001_chunk_001,2
q35,2018_2018_sec_0136_text_001_chunk_002,2
q36,2014_2014_sec_0044_text_001_chunk_001,0
q36,2014_2014_sec_0044_text_001_chunk_002,0
q36,2014_2014_sec_0057_text_001_chunk_001,1
q36,2014_2014_sec_0073_text_001_chunk_004,0
q36,2014_2014_sec_0073_text_001_chunk_005,0
q36,2014_2014_sec_0112_text_001_chunk_001,0
q36,2014_2014_sec_0116_text_001_chunk_001,2
q36,2014_2014_sec_0131_text_001_chunk_001,1
q36,2014_2014_sec_0131_text_001_chunk_002,0
q36,2014_2014_sec_0131_text_001_chunk_003,0
q36,2015_2015_sec_0062_text_001_chunk_001,1
q36,2015_2015_sec_0080_text_001_chunk_006,0
q36,2015_2015_sec_0127_text_001_chunk_001,2
q36,2015_2015_sec_0140_text_001_chunk_001,0
q36,2015_2015_sec_0141_text_001_chunk_001,0
q36,2015_2015_sec_0142_text_001_chunk_002,2
q36,2016_2016_sec_0015_text_001_chunk_007,1
q36,2016_2016_sec_0049_text_001_chunk_007,1
q36,2016_2016_sec_0067_text_001_chunk_001,1
q36,2016_2016_sec_0088_text_001_chunk_001,0
q36,2016_2016_sec_0111_text_001_chunk_001,0
q36,2016_2016_sec_0130_text_001_chunk_001,2
q36,2016_2016_sec_0133_text_001_chunk_002,0
q36,2016_2016_sec_0143_text_001_chunk_002,0
q36,2016_2016_sec_0143_text_001_chunk_003,0
q36,2017_2017_sec_0001_text_001_chunk_005,2
q36,2017_2017_sec_0002_text_001_chunk_011,0
q36,2017_2017_sec_0015_text_001_chunk_006,1
q36,2017_2017_sec_0015_text_001_chunk_010,1
q36,2017_2017_sec_0122_text_001_chunk_001,2
q36,2017_2017_sec_0136_text_001_chunk_001,0
q36,2017_2017_sec_0136_text_001_chunk_002,0
q36,2018_2018_sec_0083_text_001_chunk_003,0
q36,2018_2018_sec_0122_text_001_chunk_001,2
q37,2014_2014_sec_0122_text_001_chunk_001,0
q37,2014_2014_sec_0125_text_001_chunk_001,2
q37,2014_2014_sec_0125_text_001_chunk_002,2
q37,2014_2014_sec_0125_text_001_chunk_003,2
q37,2015_2015_sec_0001_text_001_chunk_010,2
q37,2015_2015_sec_0013_text_001_chunk_016,2
q37,2015_2015_sec_0013_text_001_chunk_017,2
q37,2015_2015_sec_0138_text_001_chunk_001,2
q37,2015_2015_sec_0138_text_001_chunk_002,2
q37,2016_2016_sec_0141_text_001_chunk_001,2
q37,2016_2016_sec_0141_text_001_chunk_002,2
q37,2016_2016_sec_0142_text_001_chunk_001,2
q37,2017_2017_sec_0001_text_001_chunk_006,2
q37,2017_2017_sec_0134_text_001_chunk_001,2
q37,2017_2017_sec_0134_text_001_chunk_002,2
q37,2017_2017_sec_0134_text_001_chunk_003,2
q37,2018_2018_sec_0134_text_001_chunk_001,2
q37,2018_2018_sec_0134_text_001_chunk_002,2
q38,2014_2014_sec_0035_text_001_chunk_001,2
q38,2014_2014_sec_0035_text_001_chunk_002,2
q38,2014_2014_sec_0061_text_001_chunk_001,0
q38,2014_2014_sec_0073_text_001_chunk_004,0
q38,2014_2014_sec_0125_text_001_chunk_003,1
q38,2015_2015_sec_0013_text_001_chunk_012,2
q38,2015_2015_sec_0013_text_001_chunk_017,2
q38,2015_2015_sec_0021_text_001_chunk_002,2
q38,2015_2015_sec_0138_text_001_chunk_001,2
q38,2015_2015_sec_0144_text_001_chunk_009,2
q38,2015_2015_sec_0144_text_001_chunk_010,0
q38,2016_2016_sec_0001_text_001_chunk_004,2
q38,2016_2016_sec_0001_text_001_chunk_008,2
q38,2016_2016_sec_0015_text_001_chunk_005,1
q38,2016_2016_sec_0015_text_001_chunk_006,1
q38,2016_2016_sec_0031_text_001_chunk_001,2
q38,2016_2016_sec_0035_text_001_chunk_001,2
q38,2016_2016_sec_0048_text_001_chunk_003,1
q38,2016_2016_sec_0049_text_001_chunk_004,1
q38,2016_2016_sec_0049_text_001_chunk_005,1
q38,2016_2016_sec_0054_text_001_chunk_001,2
q38,2016_2016_sec_0141_text_001_chunk_001,2
q38,2016_2016_sec_0141_text_001_chunk_002,2
q38,2016_2016_sec_0142_text_001_chunk_001,2
q38,2016_2016_sec_0145_text_001_chunk_010,0
q38,2017_2017_sec_0001_text_001_chunk_006,2
q38,2017_2017_sec_0015_text_001_chunk_008,1
q38,2017_2017_sec_0034_text_001_chunk_001,2
q38,2017_2017_sec_0134_text_001_chunk_001,1
q38,2017_2017_sec_0134_text_001_chunk_002,2
q38,2017_2017_sec_0134_text_001_chunk_003,2
q38,2017_2017_sec_0135_text_001_chunk_002,2
q38,2018_2018_sec_0001_text_001_chunk_001,2
q38,2018_2018_sec_0032_text_001_chunk_002,2
q38,2018_2018_sec_0096_text_001_chunk_002,0
q38,2018_2018_sec_0134_text_001_chunk_001,2
q38,2018_2018_sec_0134_text_001_chunk_003,2
q39,2014_2014_sec_0137_text_001_chunk_001,2
q39,2014_2014_sec_0138_text_001_chunk_001,2
q39,2015_2015_sec_0146_text_001_chunk_001,2
q39,2015_2015_sec_0146_text_001_chunk_002,2
q39,2016_2016_sec_0137_text_001_chunk_001,0
q39,2016_2016_sec_0147_text_001_chunk_001,2
q39,2016_2016_sec_0147_text_001_chunk_002,2
q39,2016_2016_sec_0147_text_001_chunk_003,2
q39,2017_2017_sec_0140_text_001_chunk_001,2
q39,2017_2017_sec_0140_text_001_chunk_002,2
q39,2018_2018_sec_0140_text_001_chunk_001,2
q39,2018_2018_sec_0140_text_001_chunk_002,2
q40,2014_2014_sec_0087_text_001_chunk_001,0
q40,2014_2014_sec_0133_text_002_chunk_001,2
q40,2014_2014_sec_0134_text_001_chunk_004,1
q40,2014_2014_sec_0135_text_001_chunk_001,1
q40,2014_2014_sec_0137_text_001_chunk_001,1
q40,2014_2014_sec_0138_text_001_chunk_001,2
q40,2015_2015_sec_0001_text_001_chunk_011,0
q40,2015_2015_sec_0013_text_001_chunk_013,0
q40,2015_2015_sec_0093_text_001_chunk_003,0
q40,2015_2015_sec_0144_text_001_chunk_006,0
q40,2015_2015_sec_0144_text_001_chunk_007,1
q40,2015_2015_sec_0146_text_001_chunk_001,1
q40,2015_2015_sec_0146_text_001_chunk_002,2
q40,2016_2016_sec_0067_text_001_chunk_001,0
q40,2016_2016_sec_0100_text_001_chunk_002,0
q40,2016_2016_sec_0145_text_001_chunk_007,1
q40,2016_2016_sec_0145_text_001_chunk_009,1
q40,2016_2016_sec_0147_text_001_chunk_001,1
q40,2016_2016_sec_0147_text_001_chunk_002,1
q40,2016_2016_sec_0147_text_001_chunk_003,2
q40,2017_2017_sec_0066_text_001_chunk_001,0
q40,2017_2017_sec_0090_text_001_chunk_001,0
q40,2017_2017_sec_0138_text_001_chunk_005,2
q40,2017_2017_sec_0138_text_002_chunk_001,1
q40,2017_2017_sec_0140_text_001_chunk_001,1
q40,2017_2017_sec_0140_text_001_chunk_002,2
q40,2018_2018_sec_0138_text_001_chunk_005,2
q40,2018_2018_sec_0140_text_001_chunk_001,1
q40,2018_2018_sec_0140_text_001_chunk_002,2
q41,2014_2014_sec_0014_text_001_chunk_001,2
q41,2014_2014_sec_0015_text_001_chunk_001,2
q41,2014_2014_sec_0015_text_001_chunk_002,2
q41,2014_2014_sec_0015_text_001_chunk_004,2
q41,2014_2014_sec_0027_text_001_chunk_001,1
q41,2015_2015_sec_0013_text_001_chunk_001,2
q41,2015_2015_sec_0013_text_001_chunk_003,2
q41,2015_2015_sec_0013_text_001_chunk_004,2
q41,2015_2015_sec_0013_text_001_chunk_013,2
q41,2015_2015_sec_0013_text_001_chunk_014,2
q41,2015_2015_sec_0013_text_001_chunk_018,2
q41,2015_2015_sec_0016_text_001_chunk_001,2
q41,2015_2015_sec_0016_text_001_chunk_003,2
q41,2015_2015_sec_0119_text_001_chunk_001,2
q41,2016_2016_sec_0001_text_001_chunk_001,2
q41,2016_2016_sec_0001_text_001_chunk_003,2
q41,2016_2016_sec_0015_text_001_chunk_004,2
q41,2016_2016_sec_0015_text_001_chunk_009,2
q41,2016_2016_sec_0015_text_001_chunk_010,1
q41,2016_2016_sec_0017_text_001_chunk_001,2
q41,2016_2016_sec_0017_text_001_chunk_003,2
q41,2016_2016_sec_0017_text_001_chunk_004,2
q41,2016_2016_sec_0018_text_001_chunk_001,2
q41,2016_2016_sec_0018_text_001_chunk_002,2
q41,2016_2016_sec_0029_text_001_chunk_001,1
q41,2016_2016_sec_0122_text_001_chunk_001,2
q41,2016_2016_sec_0147_text_001_chunk_002,2
q41,2017_2017_sec_0001_text_001_chunk_011,2
q41,2017_2017_sec_0001_text_001_chunk_012,2
q41,2017_2017_sec_0015_text_001_chunk_004,2
q41,2017_2017_sec_0017_text_001_chunk_001,2
q41,2017_2017_sec_0018_text_001_chunk_001,2
q41,2017_2017_sec_0018_text_001_chunk_002,2
q41,2017_2017_sec_0114_text_001_chunk_001,2
q41,2018_2018_sec_0001_text_001_chunk_007,2
q41,2018_2018_sec_0001_text_001_chunk_008,2
q41,2018_2018_sec_0018_text_001_chunk_001,2
q41,2018_2018_sec_0018_text_001_chunk_002,2
q41,2018_2018_sec_0018_text_001_chunk_003,2
q41,2018_2018_sec_0021_text_001_chunk_001,2
q41,2018_2018_sec_0021_text_001_chunk_002,2
q41,2018_2018_sec_0021_text_001_chunk_003,2
q41,2018_2018_sec_0026_text_001_chunk_001,1
q41,2018_2018_sec_0032_text_001_chunk_001,1
q41,2018_2018_sec_0114_text_001_chunk_001,2
q42,2014_2014_sec_0017_text_001_chunk_002,2
q42,2015_2015_sec_0013_text_001_chunk_018,2
q42,2015_2015_sec_0119_text_001_chunk_001,2
q42,2016_2016_sec_0001_text_001_chunk_004,2
q42,2016_2016_sec_0019_text_001_chunk_001,2
q42,2016_2016_sec_0122_text_001_chunk_001,1
q42,2017_2017_sec_0001_text_001_chunk_013,2
q42,2017_2017_sec_0001_text_001_chunk_014,2
q42,2017_2017_sec_0015_text_001_chunk_004,2
q42,2017_2017_sec_0015_text_001_chunk_011,2
q42,2017_2017_sec_0015_text_001_chunk_013,2
q42,2017_2017_sec_0015_text_001_chunk_014,2
q42,2017_2017_sec_0015_text_001_chunk_015,2
q42,2017_2017_sec_0015_text_001_chunk_016,2
q42,2017_2017_sec_0015_text_001_chunk_017,2
q42,2017_2017_sec_0015_text_001_chunk_018,2
q42,2017_2017_sec_0015_text_001_chunk_019,2
q42,2017_2017_sec_0019_text_001_chunk_001,2
q42,2017_2017_sec_0019_text_001_chunk_002,2
q42,2017_2017_sec_0114_text_001_chunk_001,2
q42,2018_2018_sec_0001_text_001_chunk_009,2
q42,2018_2018_sec_0001_text_001_chunk_010,2
q42,2018_2018_sec_0018_text_001_chunk_002,2
q42,2018_2018_sec_0018_text_001_chunk_003,2
q42,2018_2018_sec_0020_text_001_chunk_002,2
q42,2018_2018_sec_0022_text_001_chunk_001,2
q42,2018_2018_sec_0022_text_001_chunk_003,2
q42,2018_2018_sec_0095_text_002_chunk_001,2
q42,2018_2018_sec_0114_text_001_chunk_001,2
q42,2018_2018_sec_0114_text_001_chunk_002,2
q43,2014_2014_sec_0056_text_001_chunk_001,2
q43,2014_2014_sec_0056_text_001_chunk_002,2
q43,2014_2014_sec_0057_text_001_chunk_001,0
q43,2014_2014_sec_0057_text_001_chunk_002,1
q43,2014_2014_sec_0057_text_001_chunk_003,0
q43,2014_2014_sec_0058_text_001_chunk_001,1
q43,2015_2015_sec_0001_text_001_chunk_008,2
q43,2015_2015_sec_0013_text_001_chunk_011,2
q43,2015_2015_sec_0013_text_001_chunk_012,2
q43,2015_2015_sec_0058_text_001_chunk_001,2
q43,2015_2015_sec_0094_text_001_chunk_002,2
q43,2016_2016_sec_0001_text_001_chunk_006,2
q43,2016_2016_sec_0013_text_001_chunk_001,1
q43,2016_2016_sec_0015_text_001_chunk_001,1
q43,2016_2016_sec_0015_text_001_chunk_002,2
q43,2016_2016_sec_0015_text_001_chunk_007,2
q43,2016_2016_sec_0049_text_001_chunk_001,2
q43,2016_2016_sec_0063_text_001_chunk_001,2
q43,2016_2016_sec_0064_text_001_chunk_002,1
q43,2016_2016_sec_0065_text_001_chunk_001,1
q43,2016_2016_sec_0074_text_001_chunk_003,0
q43,2017_2017_sec_0001_text_001_chunk_003,2
q43,2017_2017_sec_0015_text_001_chunk_002,2
q43,2017_2017_sec_0015_text_001_chunk_003,0
q43,2017_2017_sec_0015_text_001_chunk_007,1
q43,2017_2017_sec_0045_text_003_chunk_001,0
q43,2017_2017_sec_0048_text_001_chunk_001,0
q43,2017_2017_sec_0057_text_001_chunk_001,2
q43,2017_2017_sec_0058_text_001_chunk_001,2
q43,2017_2017_sec_0059_text_001_chunk_001,0
q43,2018_2018_sec_0001_text_001_chunk_003,2
q43,2018_2018_sec_0029_text_001_chunk_002,1
q43,2018_2018_sec_0060_text_001_chunk_001,2
q43,2018_2018_sec_0071_text_001_chunk_001,0
q44,2014_2014_sec_0057_text_001_chunk_001,0
q44,2014_2014_sec_0057_text_001_chunk_002,1
q44,2014_2014_sec_0057_text_001_chunk_003,2
q44,2014_2014_sec_0058_text_001_chunk_001,2
q44,2015_2015_sec_0001_text_001_chunk_008,2
q44,2015_2015_sec_0002_text_001_chunk_002,2
q44,2015_2015_sec_0059_text_001_chunk_001,1
q44,2015_2015_sec_0060_text_001_chunk_001,2
q44,2015_2015_sec_0131_text_001_chunk_003,0
q44,2016_2016_sec_0049_text_001_chunk_002,2
q44,2016_2016_sec_0064_text_001_chunk_001,2
q44,2016_2016_sec_0065_text_001_chunk_001,2
q44,2016_2016_sec_0134_text_001_chunk_007,0
q44,2017_2017_sec_0059_text_001_chunk_001,2
q44,2017_2017_sec_0059_text_002_chunk_001,2
q44,2017_2017_sec_0061_text_001_chunk_001,2
q44,2017_2017_sec_0078_text_001_chunk_001,0
q44,2017_2017_sec_0126_text_001_chunk_006,0
q44,2017_2017_sec_0128_text_001_chunk_001,0
q44,2018_2018_sec_0061_text_001_chunk_002,2
q44,2018_2018_sec_0062_text_001_chunk_001,2
q44,2018_2018_sec_0062_text_002_chunk_001,2
q44,2018_2018_sec_0063_text_001_chunk_001,2
q44,2018_2018_sec_0080_text_001_chunk_001,0
q44,2018_2018_sec_0128_text_001_chunk_001,0
q45,2014_2014_sec_0098_text_001_chunk_001,0
q45,2014_2014_sec_0099_text_001_chunk_001,2
q45,2014_2014_sec_0100_text_001_chunk_001,2
q45,2014_2014_sec_0104_text_001_chunk_001,2
q45,2014_2014_sec_0105_text_001_chunk_001,1
q45,2015_2015_sec_0013_text_001_chunk_016,1
q45,2015_2015_sec_0061_text_001_chunk_001,0
q45,2015_2015_sec_0108_text_001_chunk_001,1
q45,2015_2015_sec_0108_text_001_chunk_002,0
q45,2015_2015_sec_0108_text_001_chunk_003,0
q45,2015_2015_sec_0108_text_001_chunk_004,0
q45,2015_2015_sec_0110_text_001_chunk_001,2
q45,2015_2015_sec_0111_text_001_chunk_001,2
q45,2015_2015_sec_0111_text_001_chunk_002,2
q45,2015_2015_sec_0111_text_003_chunk_005,2
q45,2015_2015_sec_0111_text_003_chunk_008,2
q45,2015_2015_sec_0116_text_001_chunk_001,2
q45,2016_2016_sec_0111_text_001_chunk_001,0
q45,2016_2016_sec_0113_text_001_chunk_001,2
q45,2016_2016_sec_0114_text_001_chunk_001,2
q45,2016_2016_sec_0114_text_001_chunk_009,2
q45,2016_2016_sec_0114_text_002_chunk_001,2
q45,2016_2016_sec_0114_text_003_chunk_001,2
q45,2016_2016_sec_0114_text_003_chunk_002,2
q45,2016_2016_sec_0114_text_003_chunk_003,2
q45,2016_2016_sec_0114_text_003_chunk_005,2
q45,2017_2017_sec_0095_text_001_chunk_001,0
q45,2017_2017_sec_0103_text_001_chunk_001,0
q45,2017_2017_sec_0104_text_001_chunk_001,2
q45,2017_2017_sec_0105_text_001_chunk_001,2
q45,2017_2017_sec_0106_text_001_chunk_001,2
q45,2017_2017_sec_0106_text_002_chunk_003,2
q45,2017_2017_sec_0106_text_003_chunk_002,2
q45,2018_2018_sec_0063_text_001_chunk_001,0
q45,2018_2018_sec_0103_text_001_chunk_001,0
q45,2018_2018_sec_0104_text_001_chunk_001,2
q45,2018_2018_sec_0105_text_001_chunk_001,2
q45,2018_2018_sec_0106_text_001_chunk_001,2
q45,2018_2018_sec_0106_text_001_chunk_002,2
q45,2018_2018_sec_0106_text_001_chunk_010,2
q45,2018_2018_sec_0106_text_001_chunk_011,2
q46,2014_2014_sec_0001_text_001_chunk_001,0
q46,2014_2014_sec_0043_text_001_chunk_002,1
q46,2014_2014_sec_0049_text_001_chunk_001,2
q46,2014_2014_sec_0049_text_001_chunk_002,2
q46,2014_2014_sec_0049_text_001_chunk_003,2
q46,2014_2014_sec_0057_text_001_chunk_002,2
q46,2014_2014_sec_0122_text_001_chunk_001,0
q46,2015_2015_sec_0013_text_001_chunk_011,1
q46,2015_2015_sec_0050_text_001_chunk_001,2
q46,2015_2015_sec_0051_text_001_chunk_001,2
q46,2015_2015_sec_0059_text_001_chunk_001,2
q46,2015_2015_sec_0068_text_001_chunk_001,2
q46,2015_2015_sec_0069_text_001_chunk_003,2
q46,2016_2016_sec_0038_text_001_chunk_001,0
q46,2016_2016_sec_0056_text_001_chunk_001,2
q46,2016_2016_sec_0064_text_001_chunk_002,2
q46,2016_2016_sec_0074_text_001_chunk_001,2
q46,2017_2017_sec_0001_text_001_chunk_001,1
q46,2017_2017_sec_0050_text_001_chunk_001,2
q46,2017_2017_sec_0066_text_001_chunk_001,2
q46,2018_2018_sec_0001_text_001_chunk_003,2
q46,2018_2018_sec_0053_text_001_chunk_001,2
q46,2018_2018_sec_0053_text_001_chunk_002,2
q46,2018_2018_sec_0068_text_001_chunk_001,1
q46,2018_2018_sec_0090_text_001_chunk_001,2
q47,2014_2014_sec_0029_text_001_chunk_003,0
q47,2014_2014_sec_0043_text_001_chunk_002,0
q47,2014_2014_sec_0045_text_001_chunk_001,0
q47,2014_2014_sec_0047_text_001_chunk_001,0
q47,2014_2014_sec_0048_text_001_chunk_001,1
q47,2014_2014_sec_0049_text_001_chunk_002,1
q47,2014_2014_sec_0049_text_001_chunk_003,1
q47,2014_2014_sec_0073_text_001_chunk_001,0
q47,2014_2014_sec_0099_text_001_chunk_001,0
q47,2015_2015_sec_0001_text_001_chunk_001,1
q47,2015_2015_sec_0001_text_001_chunk_002,1
q47,2015_2015_sec_0002_text_001_chunk_008,0
q47,2015_2015_sec_0002_text_001_chunk_011,0
q47,2015_2015_sec_0002_text_001_chunk_013,1
q47,2015_2015_sec_0002_text_001_chunk_014,0
q47,2015_2015_sec_0010_text_001_chunk_002,1
q47,2015_2015_sec_0013_text_001_chunk_001,0
q47,2015_2015_sec_0013_text_001_chunk_003,1
q47,2015_2015_sec_0013_text_001_chunk_015,0
q47,2015_2015_sec_0015_text_001_chunk_003,1
q47,2015_2015_sec_0030_text_001_chunk_001,1
q47,2015_2015_sec_0044_text_001_chunk_001,0
q47,2015_2015_sec_0046_text_001_chunk_001,0
q47,2015_2015_sec_0047_text_001_chunk_001,0
q47,2015_2015_sec_0048_text_001_chunk_001,0
q47,2015_2015_sec_0050_text_001_chunk_001,1
q47,2015_2015_sec_0051_text_001_chunk_001,1
q47,2015_2015_sec_0058_text_001_chunk_001,0
q47,2015_2015_sec_0059_text_001_chunk_001,0
q47,2015_2015_sec_0063_text_001_chunk_001,0
q47,2015_2015_sec_0068_text_001_chunk_001,2
q47,2015_2015_sec_0075_text_001_chunk_001,0
q47,2015_2015_sec_0110_text_001_chunk_001,0
q47,2016_2016_sec_0001_text_001_chunk_004,1
q47,2016_2016_sec_0001_text_001_chunk_006,0
q47,2016_2016_sec_0013_text_001_chunk_002,1
q47,2016_2016_sec_0048_text_001_chunk_001,1
q47,2016_2016_sec_0049_text_001_chunk_001,1
q47,2016_2016_sec_0049_text_001_chunk_007,1
q47,2016_2016_sec_0054_text_001_chunk_001,1
q47,2016_2016_sec_0056_text_001_chunk_001,0
q47,2016_2016_sec_0063_text_001_chunk_001,0
q47,2016_2016_sec_0081_text_001_chunk_001,0
q47,2016_2016_sec_0113_text_001_chunk_001,0
q47,2016_2016_sec_0113_text_002_chunk_001,0
q47,2017_2017_sec_0015_text_001_chunk_001,1
q47,2017_2017_sec_0050_text_001_chunk_001,0
q47,2017_2017_sec_0057_text_001_chunk_001,0
q47,2017_2017_sec_0075_text_001_chunk_001,0
q47,2017_2017_sec_0104_text_001_chunk_001,0
q47,2018_2018_sec_0048_text_001_chunk_001,1
q47,2018_2018_sec_0060_text_001_chunk_001,0
q47,2018_2018_sec_0104_text_001_chunk_001,0
q48,2014_2014_sec_0082_text_001_chunk_002,1
q48,2014_2014_sec_0085_text_001_chunk_001,2
q48,2014_2014_sec_0085_text_001_chunk_003,2
q48,2014_2014_sec_0085_text_001_chunk_004,2
q48,2014_2014_sec_0085_text_001_chunk_005,2
q48,2014_2014_sec_0086_text_001_chunk_001,0
q48,2015_2015_sec_0013_text_001_chunk_017,2
q48,2015_2015_sec_0091_text_001_chunk_001,2
q48,2015_2015_sec_0091_text_001_chunk_002,2
q48,2016_2016_sec_0092_text_002_chunk_001,0
q48,2016_2016_sec_0098_text_001_chunk_001,2
q48,2016_2016_sec_0098_text_001_chunk_002,2
q48,2017_2017_sec_0090_text_001_chunk_001,2
q48,2017_2017_sec_0090_text_001_chunk_002,2
q48,2017_2017_sec_0090_text_001_chunk_003,2
q48,2017_2017_sec_0136_text_001_chunk_002,1
q48,2018_2018_sec_0001_text_001_chunk_006,2
q48,2018_2018_sec_0092_text_001_chunk_001,2
q48,2018_2018_sec_0092_text_001_chunk_002,2
q49,2014_2014_sec_0001_text_001_chunk_001,2
q49,2014_2014_sec_0057_text_001_chunk_001,0
q49,2014_2014_sec_0085_text_001_chunk_001,0
q49,2014_2014_sec_0085_text_001_chunk_003,0
q49,2014_2014_sec_0085_text_001_chunk_004,0
q49,2014_2014_sec_0085_text_001_chunk_005,0
q49,2014_2014_sec_0086_text_001_chunk_001,2
q49,2014_2014_sec_0086_text_001_chunk_002,2
q49,2014_2014_sec_0086_text_001_chunk_003,2
q49,2015_2015_sec_0016_text_001_chunk_002,0
q49,2015_2015_sec_0091_text_001_chunk_002,0
q49,2015_2015_sec_0092_text_001_chunk_001,2
q49,2015_2015_sec_0092_text_001_chunk_002,2
q49,2016_2016_sec_0015_text_001_chunk_004,1
q49,2016_2016_sec_0098_text_001_chunk_001,0
q49,2016_2016_sec_0098_text_001_chunk_002,0
q49,2016_2016_sec_0099_text_001_chunk_001,2
q49,2017_2017_sec_0063_text_001_chunk_001,1
q49,2017_2017_sec_0088_text_001_chunk_001,1
q49,2017_2017_sec_0090_text_001_chunk_003,0
q49,2017_2017_sec_0091_text_001_chunk_001,2
q49,2018_2018_sec_0001_text_001_chunk_006,0
q49,2018_2018_sec_0065_text_001_chunk_001,1
q49,2018_2018_sec_0092_text_001_chunk_001,0
q49,2018_2018_sec_0092_text_001_chunk_002,0
q49,2018_2018_sec_0093_text_001_chunk_001,2
q49,2018_2018_sec_0106_text_002_chunk_001,1
q50,2014_2014_sec_0001_text_001_chunk_005,2
q50,2014_2014_sec_0021_text_001_chunk_002,2
q50,2014_2014_sec_0021_text_001_chunk_003,2
q50,2014_2014_sec_0022_text_001_chunk_002,2
q50,2014_2014_sec_0025_text_001_chunk_002,2
q50,2014_2014_sec_0027_text_001_chunk_002,2
q50,2014_2014_sec_0031_text_001_chunk_001,2
q50,2014_2014_sec_0032_text_001_chunk_001,2
q50,2014_2014_sec_0033_text_001_chunk_001,2
q50,2014_2014_sec_0033_text_001_chunk_002,2
q50,2014_2014_sec_0033_text_001_chunk_003,2
q50,2014_2014_sec_0033_text_001_chunk_004,2
q50,2014_2014_sec_0056_text_001_chunk_001,1
q50,2014_2014_sec_0073_text_001_chunk_006,1
q50,2014_2014_sec_0090_text_001_chunk_002,2
q50,2015_2015_sec_0013_text_001_chunk_008,2
q50,2015_2015_sec_0013_text_001_chunk_009,2
q50,2015_2015_sec_0013_text_001_chunk_012,2
q50,2015_2015_sec_0013_text_001_chunk_017,2
q50,2015_2015_sec_0027_text_001_chunk_001,2
q50,2015_2015_sec_0031_text_001_chunk_001,2
q50,2015_2015_sec_0033_text_001_chunk_001,2
q50,2016_2016_sec_0001_text_001_chunk_010,0
q50,2016_2016_sec_0015_text_001_chunk_005,2
q50,2016_2016_sec_0015_text_001_chunk_008,1
q50,2016_2016_sec_0030_text_001_chunk_001,1
q50,2016_2016_sec_0031_text_001_chunk_001,2
q50,2016_2016_sec_0034_text_001_chunk_001,2
q50,2016_2016_sec_0036_text_001_chunk_005,2
q50,2017_2017_sec_0001_text_001_chunk_010,1
q50,2017_2017_sec_0001_text_001_chunk_015,2
q50,2017_2017_sec_0015_text_001_chunk_003,0
q50,2017_2017_sec_0015_text_001_chunk_010,1
q50,2017_2017_sec_0015_text_001_chunk_019,1
q50,2017_2017_sec_0028_text_001_chunk_001,2
q50,2017_2017_sec_0035_text_001_chunk_001,2
q50,2017_2017_sec_0090_text_001_chunk_001,2
q50,2018_2018_sec_0025_text_001_chunk_001,2
q50,2018_2018_sec_0026_text_001_chunk_001,1
q50,2018_2018_sec_0033_text_001_chunk_001,2
q50,2018_2018_sec_0036_text_001_chunk_001,2
q50,2018_2018_sec_0038_text_001_chunk_002,2
q50,2018_2018_sec_0038_text_001_chunk_003,2
q51,2014_2014_sec_0027_text_001_chunk_001,2
q51,2014_2014_sec_0027_text_001_chunk_002,2
q51,2014_2014_sec_0031_text_001_chunk_001,1
q51,2014_2014_sec_0032_text_001_chunk_001,1
q51,2014_2014_sec_0033_text_001_chunk_001,2
q51,2014_2014_sec_0033_text_001_chunk_002,1
q51,2014_2014_sec_0033_text_001_chunk_003,2
q51,2014_2014_sec_0035_text_001_chunk_001,2
q51,2014_2014_sec_0035_text_001_chunk_002,2
q51,2014_2014_sec_0036_text_001_chunk_001,2
q51,2015_2015_sec_0001_text_001_chunk_005,2
q51,2015_2015_sec_0013_text_001_chunk_009,1
q51,2015_2015_sec_0027_text_001_chunk_001,2
q51,2015_2015_sec_0027_text_001_chunk_002,2
q51,2015_2015_sec_0031_text_001_chunk_001,2
q51,2015_2015_sec_0035_text_001_chunk_001,2
q51,2015_2015_sec_0036_text_001_chunk_001,2
q51,2015_2015_sec_0133_text_001_chunk_001,2
q51,2016_2016_sec_0034_text_001_chunk_001,2
q51,2016_2016_sec_0036_text_001_chunk_004,2
q51,2016_2016_sec_0038_text_001_chunk_001,2
q51,2016_2016_sec_0039_text_001_chunk_001,2
q51,2017_2017_sec_0001_text_001_chunk_015,2
q51,2017_2017_sec_0028_text_001_chunk_002,2
q51,2017_2017_sec_0037_text_001_chunk_001,2
q51,2017_2017_sec_0037_text_001_chunk_002,2
q51,2017_2017_sec_0038_text_001_chunk_001,2
q51,2018_2018_sec_0001_text_001_chunk_011,2
q51,2018_2018_sec_0032_text_001_chunk_002,2
q51,2018_2018_sec_0036_text_001_chunk_001,2
q51,2018_2018_sec_0038_text_001_chunk_001,2
q51,2018_2018_sec_0040_text_001_chunk_001,2
q51,2018_2018_sec_0041_text_001_chunk_001,2
q51,2018_2018_sec_0096_text_001_chunk_002,2
q51,2018_2018_sec_0132_text_001_chunk_001,2
q52,2014_2014_sec_0001_text_001_chunk_001,2
q52,2014_2014_sec_0001_text_001_chunk_002,2
q52,2014_2014_sec_0001_text_001_chunk_003,2
q52,2014_2014_sec_0001_text_001_chunk_004,2
q52,2014_2014_sec_0001_text_001_chunk_005,2
q52,2014_2014_sec_0001_text_001_chunk_006,2
q52,2014_2014_sec_0001_text_001_chunk_007,2
q52,2014_2014_sec_0001_text_001_chunk_008,2
q52,2014_2014_sec_0001_text_001_chunk_009,2
q52,2014_2014_sec_0001_text_001_chunk_010,2
q52,2014_2014_sec_0001_text_001_chunk_011,2
q52,2014_2014_sec_0021_text_001_chunk_001,1
q52,2014_2014_sec_0036_text_001_chunk_001,1
q52,2014_2014_sec_0047_text_001_chunk_001,1
q52,2014_2014_sec_0086_text_001_chunk_001,1
q52,2014_2014_sec_0086_text_001_chunk_002,1
q52,2014_2014_sec_0087_text_001_chunk_003,1
q52,2014_2014_sec_0098_text_001_chunk_001,1
q52,2015_2015_sec_0002_text_001_chunk_001,2
q52,2015_2015_sec_0002_text_001_chunk_003,2
q52,2015_2015_sec_0002_text_001_chunk_004,2
q52,2015_2015_sec_0002_text_001_chunk_007,2
q52,2015_2015_sec_0002_text_001_chunk_008,2
q52,2015_2015_sec_0002_text_001_chunk_011,2
q52,2015_2015_sec_0002_text_001_chunk_012,2
q52,2015_2015_sec_0002_text_001_chunk_013,2
q52,2015_2015_sec_0002_text_001_chunk_014,2
q52,2015_2015_sec_0013_text_001_chunk_001,1
q52,2015_2015_sec_0013_text_001_chunk_003,1
q52,2015_2015_sec_0013_text_001_chunk_010,1
q52,2015_2015_sec_0013_text_001_chunk_015,1
q52,2015_2015_sec_0013_text_001_chunk_020,1
q52,2015_2015_sec_0021_text_001_chunk_001,1
q52,2015_2015_sec_0024_text_001_chunk_001,1
q52,2015_2015_sec_0027_text_001_chunk_002,1
q52,2015_2015_sec_0082_text_001_chunk_002,1
q52,2015_2015_sec_0144_text_001_chunk_009,1
q52,2016_2016_sec_0002_text_001_chunk_001,2
q52,2016_2016_sec_0002_text_001_chunk_006,2
q52,2016_2016_sec_0002_text_001_chunk_007,2
q52,2016_2016_sec_0002_text_002_chunk_001,2
q52,2016_2016_sec_0002_text_002_chunk_003,2
q52,2016_2016_sec_0015_text_001_chunk_001,1
q52,2016_2016_sec_0026_text_001_chunk_001,1
q52,2016_2016_sec_0033_text_001_chunk_001,1
q52,2017_2017_sec_0002_text_001_chunk_001,2
q52,2017_2017_sec_0002_text_001_chunk_003,2
q52,2017_2017_sec_0002_text_001_chunk_005,2
q52,2017_2017_sec_0002_text_001_chunk_012,2
q52,2017_2017_sec_0015_text_001_chunk_001,1
q52,2017_2017_sec_0015_text_001_chunk_007,1
q52,2017_2017_sec_0015_text_001_chunk_012,1
q52,2017_2017_sec_0017_text_001_chunk_001,1
q52,2017_2017_sec_0029_text_001_chunk_001,1
q52,2018_2018_sec_0001_text_001_chunk_005,1
q52,2018_2018_sec_0002_text_001_chunk_001,2
q52,2018_2018_sec_0002_text_001_chunk_008,2
q52,2018_2018_sec_0002_text_001_chunk_010,2
q52,2018_2018_sec_0002_text_001_chunk_016,2
q52,2018_2018_sec_0002_text_001_chunk_018,2
q52,2018_2018_sec_0023_text_001_chunk_002,1
q52,2018_2018_sec_0024_text_001_chunk_001,1
q52,2018_2018_sec_0027_text_001_chunk_002,1
q52,2018_2018_sec_0029_text_001_chunk_001,1
q52,2018_2018_sec_0032_text_001_chunk_001,1
q52,2018_2018_sec_0032_text_001_chunk_003,1
q52,2018_2018_sec_0033_text_001_chunk_002,1
q52,2018_2018_sec_0094_text_001_chunk_001,1
q52,2018_2018_sec_0125_text_001_chunk_001,1
q52,2018_2018_sec_0140_text_001_chunk_002,0
q53,2014_2014_sec_0001_text_001_chunk_011,0
q53,2014_2014_sec_0098_text_001_chunk_001,0
q53,2014_2014_sec_0101_text_001_chunk_001,0
q53,2014_2014_sec_0119_text_001_chunk_006,2
q53,2014_2014_sec_0120_text_001_chunk_001,2
q53,2014_2014_sec_0120_text_001_chunk_002,2
q53,2014_2014_sec_0120_text_001_chunk_003,2
q53,2014_2014_sec_0120_text_001_chunk_004,2
q53,2014_2014_sec_0120_text_001_chunk_005,2
q53,2014_2014_sec_0120_text_001_chunk_006,2
q53,2014_2014_sec_0120_text_001_chunk_007,2
q53,2014_2014_sec_0134_text_001_chunk_002,1
q53,2015_2015_sec_0075_text_001_chunk_001,0
q53,2015_2015_sec_0129_text_001_chunk_002,0
q53,2015_2015_sec_0132_text_001_chunk_001,2
q53,2015_2015_sec_0132_text_001_chunk_002,2
q53,2015_2015_sec_0132_text_001_chunk_003,2
q53,2015_2015_sec_0132_text_001_chunk_004,2
q53,2015_2015_sec_0132_text_001_chunk_005,2
q53,2015_2015_sec_0132_text_001_chunk_006,2
q53,2015_2015_sec_0144_text_001_chunk_002,1
q53,2016_2016_sec_0065_text_001_chunk_001,1
q53,2016_2016_sec_0075_text_001_chunk_002,0
q53,2016_2016_sec_0083_text_001_chunk_001,0
q53,2016_2016_sec_0084_text_001_chunk_001,1
q53,2016_2016_sec_0132_text_001_chunk_002,2
q53,2016_2016_sec_0134_text_001_chunk_002,2
q53,2016_2016_sec_0134_text_001_chunk_006,2
q53,2016_2016_sec_0134_text_001_chunk_007,2
q53,2016_2016_sec_0134_text_001_chunk_009,2
q53,2016_2016_sec_0134_text_001_chunk_017,2
q53,2016_2016_sec_0135_text_001_chunk_001,2
q53,2017_2017_sec_0077_text_001_chunk_001,0
q53,2017_2017_sec_0078_text_001_chunk_001,1
q53,2017_2017_sec_0108_text_001_chunk_001,0
q53,2017_2017_sec_0126_text_001_chunk_007,2
q53,2017_2017_sec_0127_text_001_chunk_001,2
q53,2017_2017_sec_0128_text_001_chunk_001,2
q53,2018_2018_sec_0032_text_001_chunk_003,2
q53,2018_2018_sec_0080_text_001_chunk_001,0
q53,2018_2018_sec_0126_text_001_chunk_003,2
q53,2018_2018_sec_0126_text_001_chunk_007,2
q53,2018_2018_sec_0127_text_002_chunk_001,2
q53,2018_2018_sec_0128_text_001_chunk_001,2
q54,2014_2014_sec_0045_text_001_chunk_001,0
q54,2014_2014_sec_0046_text_001_chunk_001,0
q54,2014_2014_sec_0057_text_001_chunk_001,0
q54,2014_2014_sec_0064_text_001_chunk_002,0
q54,2014_2014_sec_0070_text_001_chunk_001,0
q54,2015_2015_sec_0024_text_001_chunk_001,0
q54,2015_2015_sec_0047_text_001_chunk_001,0
q54,2015_2015_sec_0075_text_001_chunk_001,0
q54,2015_2015_sec_0111_text_002_chunk_003,0
q54,2015_2015_sec_0111_text_003_chunk_006,0
q54,2015_2015_sec_0139_text_001_chunk_004,0
q54,2016_2016_sec_0001_text_001_chunk_006,0
q54,2016_2016_sec_0015_text_001_chunk_002,0
q54,2016_2016_sec_0015_text_001_chunk_003,0
q54,2016_2016_sec_0030_text_001_chunk_001,0
q54,2016_2016_sec_0049_text_001_chunk_001,0
q54,2016_2016_sec_0049_text_001_chunk_002,0
q54,2016_2016_sec_0054_text_001_chunk_002,0
q54,2016_2016_sec_0075_text_001_chunk_001,0
q54,2016_2016_sec_0075_text_001_chunk_002,0
q54,2016_2016_sec_0081_text_001_chunk_001,0
q54,2016_2016_sec_0083_text_001_chunk_001,0
q54,2016_2016_sec_0084_text_001_chunk_001,0
q54,2017_2017_sec_0001_text_001_chunk_002,2
q54,2017_2017_sec_0001_text_001_chunk_003,2
q54,2017_2017_sec_0001_text_001_chunk_010,2
q54,2017_2017_sec_0002_text_001_chunk_005,2
q54,2017_2017_sec_0002_text_001_chunk_006,2
q54,2017_2017_sec_0002_text_001_chunk_014,2
q54,2017_2017_sec_0015_text_001_chunk_001,0
q54,2017_2017_sec_0015_text_001_chunk_002,0
q54,2017_2017_sec_0015_text_001_chunk_003,0
q54,2017_2017_sec_0015_text_001_chunk_005,0
q54,2017_2017_sec_0015_text_001_chunk_007,1
q54,2017_2017_sec_0015_text_001_chunk_010,1
q54,2017_2017_sec_0023_text_001_chunk_001,1
q54,2017_2017_sec_0046_text_001_chunk_001,2
q54,2017_2017_sec_0047_text_001_chunk_001,2
q54,2017_2017_sec_0057_text_001_chunk_001,2
q54,2017_2017_sec_0066_text_001_chunk_001,2
q54,2017_2017_sec_0067_text_001_chunk_001,2
q54,2017_2017_sec_0070_text_001_chunk_001,2
q54,2017_2017_sec_0072_text_001_chunk_001,2
q54,2017_2017_sec_0074_text_001_chunk_001,2
q54,2017_2017_sec_0075_text_001_chunk_001,2
q54,2017_2017_sec_0077_text_001_chunk_001,2
q54,2017_2017_sec_0077_text_002_chunk_001,2
q54,2017_2017_sec_0078_text_001_chunk_001,2
q54,2017_2017_sec_0082_text_001_chunk_004,2
q54,2017_2017_sec_0086_text_001_chunk_001,1
q54,2017_2017_sec_0106_text_002_chunk_004,0
q54,2017_2017_sec_0106_text_004_chunk_001,0
q54,2017_2017_sec_0106_text_004_chunk_002,2
q54,2018_2018_sec_0001_text_001_chunk_001,0
q54,2018_2018_sec_0001_text_001_chunk_003,1
q54,2018_2018_sec_0051_text_001_chunk_001,0
q54,2018_2018_sec_0061_text_001_chunk_001,0
q54,2018_2018_sec_0071_text_001_chunk_001,0
q54,2018_2018_sec_0078_text_001_chunk_001,0
q54,2018_2018_sec_0135_text_001_chunk_002,0
q55,2014_2014_sec_0001_text_001_chunk_003,0
q55,2014_2014_sec_0001_text_001_chunk_007,0
q55,2014_2014_sec_0001_text_001_chunk_008,0
q55,2014_2014_sec_0036_text_001_chunk_001,0
q55,2014_2014_sec_0072_text_001_chunk_001,0
q55,2014_2014_sec_0128_text_001_chunk_002,0
q55,2014_2014_sec_0131_text_001_chunk_001,0
q55,2014_2014_sec_0131_text_001_chunk_002,0
q55,2014_2014_sec_0131_text_001_chunk_003,0
q55,2014_2014_sec_0132_text_001_chunk_001,0
q55,2014_2014_sec_0132_text_001_chunk_002,0
q55,2014_2014_sec_0132_text_001_chunk_003,0
q55,2014_2014_sec_0135_text_001_chunk_001,0
q55,2015_2015_sec_0001_text_001_chunk_009,0
q55,2015_2015_sec_0013_text_001_chunk_017,0
q55,2015_2015_sec_0139_text_001_chunk_002,0
q55,2015_2015_sec_0139_text_001_chunk_003,0
q55,2015_2015_sec_0140_text_001_chunk_001,0
q55,2015_2015_sec_0141_text_001_chunk_001,0
q55,2015_2015_sec_0142_text_001_chunk_003,0
q55,2015_2015_sec_0146_text_001_chunk_002,0
q55,2016_2016_sec_0015_text_001_chunk_003,0
q55,2016_2016_sec_0049_text_001_chunk_003,0
q55,2016_2016_sec_0049_text_001_chunk_006,0
q55,2016_2016_sec_0054_text_001_chunk_001,0
q55,2016_2016_sec_0142_text_001_chunk_001,0
q55,2016_2016_sec_0143_text_001_chunk_001,0
q55,2016_2016_sec_0143_text_001_chunk_004,0
q55,2017_2017_sec_0002_text_001_chunk_002,0
q55,2017_2017_sec_0015_text_001_chunk_010,0
q55,2017_2017_sec_0092_text_001_chunk_001,0
q55,2017_2017_sec_0136_text_001_chunk_001,0
q55,2017_2017_sec_0136_text_001_chunk_002,0
q55,2017_2017_sec_0136_text_001_chunk_003,0
q55,2018_2018_sec_0001_text_001_chunk_003,2
q55,2018_2018_sec_0001_text_001_chunk_004,2
q55,2018_2018_sec_0002_text_001_chunk_017,2
q55,2018_2018_sec_0002_text_001_chunk_018,2
q55,2018_2018_sec_0029_text_001_chunk_001,0
q55,2018_2018_sec_0029_text_001_chunk_002,1
q55,2018_2018_sec_0032_text_001_chunk_001,2
q55,2018_2018_sec_0032_text_001_chunk_005,0
q55,2018_2018_sec_0033_text_001_chunk_002,0
q55,2018_2018_sec_0046_text_001_chunk_001,1
q55,2018_2018_sec_0056_text_001_chunk_001,0
q55,2018_2018_sec_0062_text_001_chunk_001,0
q55,2018_2018_sec_0083_text_001_chunk_001,2
q55,2018_2018_sec_0094_text_001_chunk_001,0
q55,2018_2018_sec_0097_text_001_chunk_002,0
q55,2018_2018_sec_0103_text_001_chunk_001,0
q55,2018_2018_sec_0124_text_001_chunk_001,0
q55,2018_2018_sec_0134_text_001_chunk_001,0
q55,2018_2018_sec_0135_text_001_chunk_001,2
q55,2018_2018_sec_0135_text_001_chunk_002,2
q55,2018_2018_sec_0136_text_001_chunk_001,2
q55,2018_2018_sec_0136_text_001_chunk_002,2
q55,2018_2018_sec_0136_text_001_chunk_003,2
q55,2018_2018_sec_0138_text_001_chunk_003,0
q55,2018_2018_sec_0140_text_001_chunk_001,0
q55,2018_2018_sec_0140_text_001_chunk_002,2
q56,2014_2014_sec_0029_text_001_chunk_001,2
q56,2014_2014_sec_0117_text_001_chunk_001,2
q56,2014_2014_sec_0117_text_001_chunk_002,2
q56,2014_2014_sec_0117_text_001_chunk_003,1
q56,2014_2014_sec_0118_text_001_chunk_001,2
q56,2015_2015_sec_0001_text_001_chunk_010,2
q56,2015_2015_sec_0013_text_001_chunk_003,0
q56,2015_2015_sec_0013_text_001_chunk_004,0
q56,2015_2015_sec_0013_text_001_chunk_009,2
q56,2015_2015_sec_0013_text_001_chunk_010,1
q56,2015_2015_sec_0013_text_001_chunk_016,2
q56,2015_2015_sec_0013_text_001_chunk_018,0
q56,2015_2015_sec_0029_text_001_chunk_001,2
q56,2015_2015_sec_0122_text_001_chunk_001,1
q56,2015_2015_sec_0129_text_001_chunk_001,2
q56,2015_2015_sec_0129_text_001_chunk_002,2
q56,2015_2015_sec_0129_text_001_chunk_004,1
q56,2016_2016_sec_0001_text_001_chunk_008,2
q56,2016_2016_sec_0015_text_001_chunk_008,2
q56,2016_2016_sec_0032_text_001_chunk_002,2
q56,2016_2016_sec_0049_text_001_chunk_007,0
q56,2016_2016_sec_0122_text_001_chunk_001,0
q56,2016_2016_sec_0132_text_001_chunk_001,2
q56,2016_2016_sec_0132_text_001_chunk_002,2
q56,2016_2016_sec_0132_text_001_chunk_004,2
q56,2016_2016_sec_0147_text_001_chunk_002,0
q56,2017_2017_sec_0001_text_001_chunk_005,2
q56,2017_2017_sec_0013_text_001_chunk_002,0
q56,2017_2017_sec_0015_text_001_chunk_011,1
q56,2017_2017_sec_0031_text_001_chunk_002,2
q56,2017_2017_sec_0124_text_001_chunk_001,2
q56,2018_2018_sec_0001_text_001_chunk_005,2
q56,2018_2018_sec_0002_text_001_chunk_015,2
q56,2018_2018_sec_0032_text_001_chunk_001,2
q56,2018_2018_sec_0124_text_001_chunk_001,2
q57,2014_2014_sec_0022_text_001_chunk_001,2
q57,2014_2014_sec_0048_text_001_chunk_001,1
q57,2014_2014_sec_0065_text_001_chunk_001,2
q57,2014_2014_sec_0098_text_001_chunk_001,2
q57,2014_2014_sec_0100_text_001_chunk_001,2
q57,2014_2014_sec_0100_text_003_chunk_001,2
q57,2015_2015_sec_0001_text_001_chunk_009,2
q57,2015_2015_sec_0013_text_001_chunk_011,1
q57,2015_2015_sec_0013_text_001_chunk_015,2
q57,2015_2015_sec_0013_text_001_chunk_016,2
q57,2015_2015_sec_0013_text_001_chunk_020,2
q57,2015_2015_sec_0108_text_001_chunk_001,2
q57,2015_2015_sec_0108_text_001_chunk_002,2
q57,2015_2015_sec_0108_text_001_chunk_003,2
q57,2015_2015_sec_0108_text_001_chunk_004,2
q57,2015_2015_sec_0109_text_001_chunk_001,2
q57,2015_2015_sec_0112_text_001_chunk_001,2
q57,2016_2016_sec_0015_text_001_chunk_002,2
q57,2016_2016_sec_0015_text_001_chunk_006,1
q57,2016_2016_sec_0015_text_001_chunk_008,2
q57,2016_2016_sec_0049_text_001_chunk_004,1
q57,2016_2016_sec_0049_text_001_chunk_005,2
q57,2016_2016_sec_0072_text_001_chunk_001,0
q57,2016_2016_sec_0112_text_001_chunk_001,2
q57,2016_2016_sec_0115_text_001_chunk_001,2
q57,2017_2017_sec_0013_text_001_chunk_002,1
q57,2017_2017_sec_0015_text_001_chunk_003,2
q57,2017_2017_sec_0015_text_001_chunk_010,2
q57,2017_2017_sec_0103_text_001_chunk_001,2
q57,2017_2017_sec_0107_text_001_chunk_001,2
q57,2018_2018_sec_0001_text_001_chunk_004,2
q57,2018_2018_sec_0095_text_001_chunk_002,2
q57,2018_2018_sec_0107_text_001_chunk_001,2
q58,2014_2014_sec_0044_text_001_chunk_001,2
q58,2014_2014_sec_0087_text_001_chunk_001,2
q58,2014_2014_sec_0087_text_001_chunk_002,2
q58,2014_2014_sec_0087_text_001_chunk_003,2
q58,2015_2015_sec_0001_text_001_chunk_012,2
q58,2015_2015_sec_0013_text_001_chunk_005,2
q58,2015_2015_sec_0013_text_001_chunk_017,2
q58,2015_2015_sec_0045_text_001_chunk_001,2
q58,2015_2015_sec_0045_text_001_chunk_002,2
q58,2015_2015_sec_0093_text_001_chunk_001,2
q58,2015_2015_sec_0093_text_001_chunk_002,2
q58,2015_2015_sec_0093_text_001_chunk_003,2
q58,2016_2016_sec_0001_text_001_chunk_010,2
q58,2016_2016_sec_0015_text_001_chunk_009,1
q58,2016_2016_sec_0028_text_001_chunk_002,2
q58,2016_2016_sec_0052_text_001_chunk_001,2
q58,2016_2016_sec_0092_text_002_chunk_001,2
q58,2016_2016_sec_0099_text_001_chunk_001,2
q58,2016_2016_sec_0100_text_001_chunk_001,2
q58,2016_2016_sec_0100_text_001_chunk_002,2
q58,2017_2017_sec_0001_text_001_chunk_007,2
q58,2017_2017_sec_0092_text_001_chunk_001,2
q58,2018_2018_sec_0001_text_001_chunk_007,2
q58,2018_2018_sec_0032_text_001_chunk_002,2
q58,2018_2018_sec_0049_text_001_chunk_001,2
q58,2018_2018_sec_0094_text_001_chunk_001,2
q59,2014_2014_sec_0045_text_001_chunk_001,2
q59,2014_2014_sec_0046_text_001_chunk_001,2
q59,2015_2015_sec_0046_text_001_chunk_001,2
q59,2015_2015_sec_0068_text_001_chunk_001,0
q59,2015_2015_sec_0075_text_001_chunk_001,0
q59,2015_2015_sec_0077_text_001_chunk_001,0
q59,2016_2016_sec_0001_text_001_chunk_006,0
q59,2016_2016_sec_0049_text_001_chunk_002,2
q59,2016_2016_sec_0053_text_001_chunk_001,2
q59,2016_2016_sec_0074_text_001_chunk_003,0
q59,2016_2016_sec_0075_text_001_chunk_001,0
q59,2016_2016_sec_0081_text_001_chunk_001,0
q59,2016_2016_sec_0083_text_001_chunk_001,0
q59,2016_2016_sec_0114_text_002_chunk_001,2
q59,2017_2017_sec_0001_text_001_chunk_003,0
q59,2017_2017_sec_0015_text_001_chunk_002,0
q59,2017_2017_sec_0047_text_001_chunk_001,2
q59,2017_2017_sec_0075_text_001_chunk_001,0
q59,2017_2017_sec_0077_text_001_chunk_001,0
q59,2017_2017_sec_0108_text_001_chunk_001,0
q59,2018_2018_sec_0001_text_001_chunk_001,2
q59,2018_2018_sec_0050_text_001_chunk_001,2
q59,2018_2018_sec_0051_text_001_chunk_001,2
q59,2018_2018_sec_0057_text_001_chunk_001,0
q59,2018_2018_sec_0071_text_001_chunk_001,0
q59,2018_2018_sec_0078_text_001_chunk_001,0
q59,2018_2018_sec_0080_text_001_chunk_001,0
q60,2014_2014_sec_0001_text_001_chunk_006,1
q60,2014_2014_sec_0001_text_001_chunk_008,2
q60,2014_2014_sec_0027_text_001_chunk_002,0
q60,2014_2014_sec_0028_text_001_chunk_002,0
q60,2014_2014_sec_0033_text_001_chunk_002,0
q60,2014_2014_sec_0044_text_001_chunk_001,2
q60,2014_2014_sec_0044_text_001_chunk_002,2
q60,2014_2014_sec_0072_text_001_chunk_001,2
q60,2014_2014_sec_0128_text_001_chunk_001,2
q60,2014_2014_sec_0128_text_001_chunk_002,1
q60,2014_2014_sec_0131_text_001_chunk_001,2
q60,2014_2014_sec_0131_text_001_chunk_002,1
q60,2014_2014_sec_0131_text_001_chunk_003,2
q60,2014_2014_sec_0132_text_001_chunk_002,2
q60,2014_2014_sec_0132_text_001_chunk_003,1
q60,2015_2015_sec_0001_text_001_chunk_009,2
q60,2015_2015_sec_0013_text_001_chunk_021,0
q60,2015_2015_sec_0036_text_001_chunk_001,2
q60,2015_2015_sec_0040_text_001_chunk_002,0
q60,2015_2015_sec_0048_text_001_chunk_001,0
q60,2015_2015_sec_0056_text_001_chunk_001,0
q60,2015_2015_sec_0082_text_001_chunk_003,0
q60,2015_2015_sec_0138_text_001_chunk_002,0
q60,2015_2015_sec_0140_text_001_chunk_001,2
q60,2015_2015_sec_0141_text_001_chunk_001,1
q60,2015_2015_sec_0142_text_001_chunk_001,2
q60,2016_2016_sec_0015_text_001_chunk_006,1
q60,2016_2016_sec_0015_text_001_chunk_009,0
q60,2016_2016_sec_0036_text_001_chunk_002,0
q60,2016_2016_sec_0049_text_001_chunk_004,1
q60,2016_2016_sec_0049_text_001_chunk_007,1
q60,2016_2016_sec_0088_text_001_chunk_002,1
q60,2016_2016_sec_0125_text_001_chunk_001,0
q60,2016_2016_sec_0143_text_001_chunk_001,2
q60,2016_2016_sec_0143_text_001_chunk_002,2
q60,2016_2016_sec_0143_text_001_chunk_003,2
q60,2016_2016_sec_0143_text_001_chunk_004,2
q60,2017_2017_sec_0001_text_001_chunk_002,2
q60,2017_2017_sec_0015_text_001_chunk_006,2
q60,2017_2017_sec_0015_text_001_chunk_010,1
q60,2017_2017_sec_0015_text_001_chunk_017,0
q60,2017_2017_sec_0028_text_001_chunk_001,0
q60,2017_2017_sec_0035_text_001_chunk_001,0
q60,2018_2018_sec_0029_text_001_chunk_002,1
q60,2018_2018_sec_0032_text_001_chunk_005,0
q60,2018_2018_sec_0097_text_001_chunk_002,0
q60,2018_2018_sec_0134_text_001_chunk_001,0
q60,2018_2018_sec_0135_text_001_chunk_001,0
q60,2018_2018_sec_0136_text_001_chunk_001,2
q60,2018_2018_sec_0136_text_001_chunk_002,2
q60,2018_2018_sec_0136_text_001_chunk_003,1
