method,query_id,chunk_id,rank,score
Hybrid alpha=0.6,q01,2015_2015_sec_0013_text_001_chunk_010,1,0.8413194239
Hybrid alpha=0.6,q01,2014_2014_sec_0001_text_001_chunk_001,2,0.7652638178
Hybrid alpha=0.6,q01,2016_2016_sec_0002_text_001_chunk_001,3,0.7342496251
Hybrid alpha=0.6,q01,2015_2015_sec_0002_text_001_chunk_001,4,0.7323794280
Hybrid alpha=0.6,q01,2014_2014_sec_0022_text_001_chunk_002,5,0.6931246960
Hybrid alpha=0.6,q01,2014_2014_sec_0021_text_001_chunk_002,6,0.6689815978
Hybrid alpha=0.6,q01,2018_2018_sec_0018_text_001_chunk_002,7,0.6541750367
Hybrid alpha=0.6,q01,2016_2016_sec_0052_text_001_chunk_001,8,0.6514113696
Hybrid alpha=0.6,q01,2017_2017_sec_0002_text_001_chunk_001,9,0.6417082301
Hybrid alpha=0.6,q01,2014_2014_sec_0117_text_001_chunk_001,10,0.6192796484
Hybrid alpha=0.6,q02,2015_2015_sec_0068_text_001_chunk_001,1,1.0000000000
Hybrid alpha=0.6,q02,2015_2015_sec_0002_text_001_chunk_011,2,0.8586122161
Hybrid alpha=0.6,q02,2015_2015_sec_0001_text_001_chunk_001,3,0.8300137898
Hybrid alpha=0.6,q02,2015_2015_sec_0002_text_001_chunk_014,4,0.8264620976
Hybrid alpha=0.6,q02,2015_2015_sec_0030_text_001_chunk_001,5,0.7888485103
Hybrid alpha=0.6,q02,2015_2015_sec_0010_text_001_chunk_002,6,0.7852014149
Hybrid alpha=0.6,q02,2016_2016_sec_0054_text_001_chunk_001,7,0.7649305267
Hybrid alpha=0.6,q02,2016_2016_sec_0048_text_001_chunk_001,8,0.7185862777
Hybrid alpha=0.6,q02,2015_2015_sec_0015_text_001_chunk_003,9,0.7110900456
Hybrid alpha=0.6,q02,2016_2016_sec_0049_text_001_chunk_001,10,0.7014749626
Hybrid alpha=0.6,q03,2016_2016_sec_0084_text_001_chunk_001,1,0.9123063972
Hybrid alpha=0.6,q03,2014_2014_sec_0070_text_001_chunk_001,2,0.8701371859
Hybrid alpha=0.6,q03,2018_2018_sec_0080_text_001_chunk_001,3,0.8409832969
Hybrid alpha=0.6,q03,2015_2015_sec_0075_text_001_chunk_001,4,0.7983184960
Hybrid alpha=0.6,q03,2015_2015_sec_0077_text_001_chunk_001,5,0.7972553887
Hybrid alpha=0.6,q03,2015_2015_sec_0078_text_001_chunk_001,6,0.7877664328
Hybrid alpha=0.6,q03,2017_2017_sec_0078_text_001_chunk_001,7,0.7840268757
Hybrid alpha=0.6,q03,2018_2018_sec_0081_text_001_chunk_001,8,0.7697159175
Hybrid alpha=0.6,q03,2017_2017_sec_0077_text_001_chunk_001,9,0.7632059904
Hybrid alpha=0.6,q03,2016_2016_sec_0083_text_001_chunk_001,10,0.7578763026
Hybrid alpha=0.6,q04,2018_2018_sec_0126_text_001_chunk_001,1,0.9881435184
Hybrid alpha=0.6,q04,2016_2016_sec_0134_text_001_chunk_019,2,0.9380606952
Hybrid alpha=0.6,q04,2017_2017_sec_0126_text_001_chunk_001,3,0.9359762117
Hybrid alpha=0.6,q04,2016_2016_sec_0134_text_001_chunk_001,4,0.9025593109
Hybrid alpha=0.6,q04,2014_2014_sec_0119_text_001_chunk_001,5,0.8927031684
Hybrid alpha=0.6,q04,2018_2018_sec_0126_text_001_chunk_016,6,0.8770416738
Hybrid alpha=0.6,q04,2017_2017_sec_0126_text_001_chunk_015,7,0.8696718688
Hybrid alpha=0.6,q04,2015_2015_sec_0131_text_001_chunk_001,8,0.8648522806
Hybrid alpha=0.6,q04,2015_2015_sec_0131_text_001_chunk_016,9,0.8460983178
Hybrid alpha=0.6,q04,2014_2014_sec_0119_text_001_chunk_008,10,0.8294708573
Hybrid alpha=0.6,q05,2015_2015_sec_0146_text_001_chunk_001,1,0.9785635736
Hybrid alpha=0.6,q05,2016_2016_sec_0147_text_001_chunk_001,2,0.9714914048
Hybrid alpha=0.6,q05,2014_2014_sec_0137_text_001_chunk_001,3,0.9697129540
Hybrid alpha=0.6,q05,2017_2017_sec_0140_text_001_chunk_001,4,0.9695060807
Hybrid alpha=0.6,q05,2018_2018_sec_0140_text_001_chunk_001,5,0.9648393763
Hybrid alpha=0.6,q05,2015_2015_sec_0146_text_001_chunk_002,6,0.8765121633
Hybrid alpha=0.6,q05,2016_2016_sec_0147_text_001_chunk_002,7,0.8488746448
Hybrid alpha=0.6,q05,2017_2017_sec_0140_text_001_chunk_002,8,0.8269526383
Hybrid alpha=0.6,q05,2018_2018_sec_0140_text_001_chunk_002,9,0.8238133186
Hybrid alpha=0.6,q05,2016_2016_sec_0147_text_001_chunk_003,10,0.7294694873
Hybrid alpha=0.6,q06,2014_2014_sec_0131_text_001_chunk_002,1,1.0000000000
Hybrid alpha=0.6,q06,2014_2014_sec_0132_text_001_chunk_003,2,0.9025813019
Hybrid alpha=0.6,q06,2016_2016_sec_0143_text_001_chunk_004,3,0.8890946245
Hybrid alpha=0.6,q06,2016_2016_sec_0143_text_001_chunk_001,4,0.8608425997
Hybrid alpha=0.6,q06,2017_2017_sec_0001_text_001_chunk_004,5,0.8270124626
Hybrid alpha=0.6,q06,2014_2014_sec_0072_text_001_chunk_001,6,0.8245190025
Hybrid alpha=0.6,q06,2015_2015_sec_0141_text_001_chunk_001,7,0.8241045088
Hybrid alpha=0.6,q06,2018_2018_sec_0136_text_001_chunk_003,8,0.8213954270
Hybrid alpha=0.6,q06,2016_2016_sec_0143_text_001_chunk_003,9,0.8186643262
Hybrid alpha=0.6,q06,2015_2015_sec_0142_text_001_chunk_001,10,0.8055476185
Hybrid alpha=0.6,q07,2018_2018_sec_0122_text_001_chunk_001,1,1.0000000000
Hybrid alpha=0.6,q07,2017_2017_sec_0122_text_001_chunk_001,2,0.9938930507
Hybrid alpha=0.6,q07,2016_2016_sec_0130_text_001_chunk_001,3,0.9888600174
Hybrid alpha=0.6,q07,2014_2014_sec_0116_text_001_chunk_001,4,0.9838686452
Hybrid alpha=0.6,q07,2015_2015_sec_0127_text_001_chunk_001,5,0.9545642563
Hybrid alpha=0.6,q07,2015_2015_sec_0062_text_001_chunk_001,6,0.8273900032
Hybrid alpha=0.6,q07,2014_2014_sec_0057_text_001_chunk_001,7,0.8186804165
Hybrid alpha=0.6,q07,2014_2014_sec_0131_text_001_chunk_001,8,0.7915450833
Hybrid alpha=0.6,q07,2016_2016_sec_0049_text_001_chunk_007,9,0.7542224160
Hybrid alpha=0.6,q07,2017_2017_sec_0001_text_001_chunk_005,10,0.7509338542
Hybrid alpha=0.6,q08,2016_2016_sec_0147_text_001_chunk_003,1,0.9752371042
Hybrid alpha=0.6,q08,2014_2014_sec_0138_text_001_chunk_001,2,0.9570753270
Hybrid alpha=0.6,q08,2014_2014_sec_0137_text_001_chunk_001,3,0.8944120416
Hybrid alpha=0.6,q08,2015_2015_sec_0146_text_001_chunk_001,4,0.8893497730
Hybrid alpha=0.6,q08,2018_2018_sec_0140_text_001_chunk_002,5,0.8166243318
Hybrid alpha=0.6,q08,2016_2016_sec_0147_text_001_chunk_001,6,0.8127935642
Hybrid alpha=0.6,q08,2017_2017_sec_0140_text_001_chunk_001,7,0.8120085697
Hybrid alpha=0.6,q08,2018_2018_sec_0140_text_001_chunk_001,8,0.8117021913
Hybrid alpha=0.6,q08,2015_2015_sec_0146_text_001_chunk_002,9,0.8085555977
Hybrid alpha=0.6,q08,2017_2017_sec_0140_text_001_chunk_002,10,0.8021591604
Hybrid alpha=0.6,q09,2018_2018_sec_0083_text_001_chunk_004,1,0.9178887889
Hybrid alpha=0.6,q09,2014_2014_sec_0073_text_001_chunk_005,2,0.9171441209
Hybrid alpha=0.6,q09,2015_2015_sec_0082_text_001_chunk_003,3,0.8997008038
Hybrid alpha=0.6,q09,2017_2017_sec_0002_text_001_chunk_014,4,0.8741264792
Hybrid alpha=0.6,q09,2017_2017_sec_0080_text_001_chunk_003,5,0.8576119406
Hybrid alpha=0.6,q09,2015_2015_sec_0080_text_001_chunk_006,6,0.8574799974
Hybrid alpha=0.6,q09,2017_2017_sec_0080_text_001_chunk_002,7,0.8552166579
Hybrid alpha=0.6,q09,2015_2015_sec_0080_text_001_chunk_005,8,0.8531250405
Hybrid alpha=0.6,q09,2017_2017_sec_0080_text_002_chunk_001,9,0.8438026867
Hybrid alpha=0.6,q09,2014_2014_sec_0072_text_001_chunk_001,10,0.8349496649
Hybrid alpha=0.6,q10,2017_2017_sec_0134_text_001_chunk_001,1,0.9879060150
Hybrid alpha=0.6,q10,2015_2015_sec_0138_text_001_chunk_001,2,0.9563373658
Hybrid alpha=0.6,q10,2018_2018_sec_0134_text_001_chunk_001,3,0.9469475684
Hybrid alpha=0.6,q10,2017_2017_sec_0134_text_001_chunk_003,4,0.9462113542
Hybrid alpha=0.6,q10,2016_2016_sec_0141_text_001_chunk_002,5,0.9317180660
Hybrid alpha=0.6,q10,2017_2017_sec_0134_text_001_chunk_002,6,0.9079543641
Hybrid alpha=0.6,q10,2018_2018_sec_0134_text_001_chunk_003,7,0.8951605277
Hybrid alpha=0.6,q10,2014_2014_sec_0125_text_001_chunk_002,8,0.8662638512
Hybrid alpha=0.6,q10,2016_2016_sec_0141_text_001_chunk_001,9,0.8527996574
Hybrid alpha=0.6,q10,2014_2014_sec_0125_text_001_chunk_003,10,0.8448827311
Hybrid alpha=0.6,q11,2015_2015_sec_0001_text_001_chunk_006,1,0.9752936853
Hybrid alpha=0.6,q11,2016_2016_sec_0049_text_001_chunk_004,2,0.9204647776
Hybrid alpha=0.6,q11,2018_2018_sec_0001_text_001_chunk_002,3,0.9095027603
Hybrid alpha=0.6,q11,2016_2016_sec_0001_text_001_chunk_004,4,0.8961157681
Hybrid alpha=0.6,q11,2017_2017_sec_0001_text_001_chunk_001,5,0.8166798474
Hybrid alpha=0.6,q11,2014_2014_sec_0043_text_001_chunk_001,6,0.7944567374
Hybrid alpha=0.6,q11,2015_2015_sec_0049_text_001_chunk_002,7,0.7861560553
Hybrid alpha=0.6,q11,2014_2014_sec_0022_text_001_chunk_001,8,0.7719134069
Hybrid alpha=0.6,q11,2016_2016_sec_0054_text_001_chunk_001,9,0.7677006117
Hybrid alpha=0.6,q11,2016_2016_sec_0049_text_001_chunk_005,10,0.7523571846
Hybrid alpha=0.6,q12,2016_2016_sec_0063_text_001_chunk_001,1,0.9941715590
Hybrid alpha=0.6,q12,2014_2014_sec_0056_text_001_chunk_001,2,0.9565718088
Hybrid alpha=0.6,q12,2015_2015_sec_0058_text_001_chunk_001,3,0.9435462646
Hybrid alpha=0.6,q12,2017_2017_sec_0015_text_001_chunk_007,4,0.8739022635
Hybrid alpha=0.6,q12,2016_2016_sec_0015_text_001_chunk_007,5,0.8528431652
Hybrid alpha=0.6,q12,2017_2017_sec_0057_text_001_chunk_001,6,0.8373200048
Hybrid alpha=0.6,q12,2017_2017_sec_0001_text_001_chunk_003,7,0.7764138541
Hybrid alpha=0.6,q12,2018_2018_sec_0060_text_001_chunk_001,8,0.7600537064
Hybrid alpha=0.6,q12,2015_2015_sec_0013_text_001_chunk_016,9,0.7215814293
Hybrid alpha=0.6,q12,2016_2016_sec_0001_text_001_chunk_006,10,0.7075425980
Hybrid alpha=0.6,q13,2016_2016_sec_0135_text_001_chunk_001,1,0.9698808080
Hybrid alpha=0.6,q13,2017_2017_sec_0127_text_001_chunk_001,2,0.9455189935
Hybrid alpha=0.6,q13,2015_2015_sec_0132_text_001_chunk_001,3,0.8765387511
Hybrid alpha=0.6,q13,2014_2014_sec_0120_text_001_chunk_001,4,0.8728862776
Hybrid alpha=0.6,q13,2018_2018_sec_0128_text_001_chunk_001,5,0.8009480172
Hybrid alpha=0.6,q13,2017_2017_sec_0128_text_001_chunk_001,6,0.7934815051
Hybrid alpha=0.6,q13,2016_2016_sec_0134_text_001_chunk_007,7,0.7909811715
Hybrid alpha=0.6,q13,2015_2015_sec_0131_text_001_chunk_007,8,0.5985558173
Hybrid alpha=0.6,q13,2017_2017_sec_0126_text_001_chunk_007,9,0.5734480856
Hybrid alpha=0.6,q13,2017_2017_sec_0126_text_001_chunk_001,10,0.5704618768
Hybrid alpha=0.6,q14,2015_2015_sec_0111_text_001_chunk_001,1,0.9741864447
Hybrid alpha=0.6,q14,2016_2016_sec_0114_text_001_chunk_001,2,0.9318476570
Hybrid alpha=0.6,q14,2018_2018_sec_0106_text_001_chunk_001,3,0.9185396834
Hybrid alpha=0.6,q14,2017_2017_sec_0106_text_001_chunk_001,4,0.9125461342
Hybrid alpha=0.6,q14,2014_2014_sec_0099_text_001_chunk_001,5,0.5990073444
Hybrid alpha=0.6,q14,2015_2015_sec_0110_text_001_chunk_001,6,0.5987317562
Hybrid alpha=0.6,q14,2017_2017_sec_0104_text_001_chunk_001,7,0.5864915378
Hybrid alpha=0.6,q14,2016_2016_sec_0113_text_001_chunk_001,8,0.5835938364
Hybrid alpha=0.6,q14,2018_2018_sec_0104_text_001_chunk_001,9,0.5801947520
Hybrid alpha=0.6,q14,2017_2017_sec_0105_text_001_chunk_001,10,0.5789348636
Hybrid alpha=0.6,q15,2017_2017_sec_0018_text_001_chunk_001,1,0.9865666953
Hybrid alpha=0.6,q15,2016_2016_sec_0018_text_001_chunk_001,2,0.8986162353
Hybrid alpha=0.6,q15,2017_2017_sec_0001_text_001_chunk_012,3,0.8924866053
Hybrid alpha=0.6,q15,2015_2015_sec_0016_text_001_chunk_003,4,0.8510728867
Hybrid alpha=0.6,q15,2014_2014_sec_0015_text_001_chunk_004,5,0.8507010956
Hybrid alpha=0.6,q15,2018_2018_sec_0021_text_001_chunk_001,6,0.8321726193
Hybrid alpha=0.6,q15,2015_2015_sec_0013_text_001_chunk_004,7,0.8011603640
Hybrid alpha=0.6,q15,2016_2016_sec_0001_text_001_chunk_002,8,0.7857396088
Hybrid alpha=0.6,q15,2015_2015_sec_0013_text_001_chunk_003,9,0.7816142304
Hybrid alpha=0.6,q15,2015_2015_sec_0013_text_001_chunk_001,10,0.7369297020
Hybrid alpha=0.6,q16,2014_2014_sec_0031_text_001_chunk_001,1,0.9466048562
Hybrid alpha=0.6,q16,2015_2015_sec_0031_text_001_chunk_001,2,0.9036466993
Hybrid alpha=0.6,q16,2016_2016_sec_0036_text_001_chunk_004,3,0.8095261102
Hybrid alpha=0.6,q16,2015_2015_sec_0001_text_001_chunk_005,4,0.7939879427
Hybrid alpha=0.6,q16,2014_2014_sec_0027_text_001_chunk_001,5,0.7619929486
Hybrid alpha=0.6,q16,2015_2015_sec_0013_text_001_chunk_008,6,0.7380194443
Hybrid alpha=0.6,q16,2016_2016_sec_0034_text_001_chunk_001,7,0.7274435729
Hybrid alpha=0.6,q16,2015_2015_sec_0013_text_001_chunk_012,8,0.7235471935
Hybrid alpha=0.6,q16,2018_2018_sec_0036_text_001_chunk_001,9,0.6960740739
Hybrid alpha=0.6,q16,2015_2015_sec_0013_text_001_chunk_009,10,0.6494559257
Hybrid alpha=0.6,q17,2016_2016_sec_0064_text_001_chunk_001,1,0.9593814435
Hybrid alpha=0.6,q17,2015_2015_sec_0060_text_001_chunk_001,2,0.7988724648
Hybrid alpha=0.6,q17,2014_2014_sec_0057_text_001_chunk_003,3,0.7767753038
Hybrid alpha=0.6,q17,2014_2014_sec_0058_text_001_chunk_001,4,0.7573524084
Hybrid alpha=0.6,q17,2014_2014_sec_0057_text_001_chunk_002,5,0.7559644045
Hybrid alpha=0.6,q17,2016_2016_sec_0065_text_001_chunk_001,6,0.7523369768
Hybrid alpha=0.6,q17,2018_2018_sec_0062_text_001_chunk_001,7,0.7354371651
Hybrid alpha=0.6,q17,2015_2015_sec_0001_text_001_chunk_008,8,0.7035386925
Hybrid alpha=0.6,q17,2017_2017_sec_0059_text_001_chunk_001,9,0.6803982751
Hybrid alpha=0.6,q17,2016_2016_sec_0049_text_001_chunk_002,10,0.6531908974
Hybrid alpha=0.6,q18,2015_2015_sec_0068_text_001_chunk_001,1,0.8953752676
Hybrid alpha=0.6,q18,2014_2014_sec_0049_text_001_chunk_003,2,0.8250462414
Hybrid alpha=0.6,q18,2017_2017_sec_0050_text_001_chunk_001,3,0.8024927799
Hybrid alpha=0.6,q18,2015_2015_sec_0094_text_001_chunk_002,4,0.7772497024
Hybrid alpha=0.6,q18,2015_2015_sec_0059_text_001_chunk_001,5,0.7764559698
Hybrid alpha=0.6,q18,2016_2016_sec_0064_text_001_chunk_002,6,0.7663129311
Hybrid alpha=0.6,q18,2015_2015_sec_0001_text_001_chunk_011,7,0.7596479860
Hybrid alpha=0.6,q18,2014_2014_sec_0049_text_001_chunk_001,8,0.7583472367
Hybrid alpha=0.6,q18,2014_2014_sec_0049_text_001_chunk_002,9,0.7409083882
Hybrid alpha=0.6,q18,2014_2014_sec_0057_text_001_chunk_002,10,0.7081807429
Hybrid alpha=0.6,q19,2016_2016_sec_0099_text_001_chunk_001,1,0.9875496089
Hybrid alpha=0.6,q19,2014_2014_sec_0086_text_001_chunk_001,2,0.9519041986
Hybrid alpha=0.6,q19,2015_2015_sec_0091_text_001_chunk_001,3,0.7173596551
Hybrid alpha=0.6,q19,2015_2015_sec_0013_text_001_chunk_017,4,0.7140029148
Hybrid alpha=0.6,q19,2014_2014_sec_0086_text_001_chunk_002,5,0.7086370937
Hybrid alpha=0.6,q19,2014_2014_sec_0085_text_001_chunk_004,6,0.6753135852
Hybrid alpha=0.6,q19,2014_2014_sec_0085_text_001_chunk_001,7,0.6616438889
Hybrid alpha=0.6,q19,2015_2015_sec_0092_text_001_chunk_001,8,0.6549234921
Hybrid alpha=0.6,q19,2017_2017_sec_0091_text_001_chunk_001,9,0.6309235317
Hybrid alpha=0.6,q19,2014_2014_sec_0085_text_001_chunk_003,10,0.6268957413
Hybrid alpha=0.6,q20,2016_2016_sec_0026_text_001_chunk_001,1,0.8820935586
Hybrid alpha=0.6,q20,2017_2017_sec_0002_text_001_chunk_001,2,0.7440567253
Hybrid alpha=0.6,q20,2017_2017_sec_0013_text_001_chunk_001,3,0.7134693746
Hybrid alpha=0.6,q20,2016_2016_sec_0015_text_001_chunk_001,4,0.6988587734
Hybrid alpha=0.6,q20,2016_2016_sec_0002_text_001_chunk_001,5,0.6967087673
Hybrid alpha=0.6,q20,2018_2018_sec_0002_text_001_chunk_001,6,0.6361557806
Hybrid alpha=0.6,q20,2014_2014_sec_0018_text_001_chunk_002,7,0.6102519417
Hybrid alpha=0.6,q20,2015_2015_sec_0002_text_001_chunk_001,8,0.6076997316
Hybrid alpha=0.6,q20,2017_2017_sec_0002_text_001_chunk_005,9,0.5930186969
Hybrid alpha=0.6,q20,2015_2015_sec_0121_text_001_chunk_001,10,0.5737828796
Hybrid alpha=0.6,q21,2015_2015_sec_0045_text_001_chunk_001,1,0.9251552740
Hybrid alpha=0.6,q21,2014_2014_sec_0045_text_001_chunk_001,2,0.8960596300
Hybrid alpha=0.6,q21,2016_2016_sec_0049_text_001_chunk_001,3,0.8797065078
Hybrid alpha=0.6,q21,2016_2016_sec_0052_text_001_chunk_001,4,0.8615365033
Hybrid alpha=0.6,q21,2015_2015_sec_0001_text_001_chunk_002,5,0.8599521610
Hybrid alpha=0.6,q21,2014_2014_sec_0043_text_001_chunk_001,6,0.8398275503
Hybrid alpha=0.6,q21,2017_2017_sec_0015_text_001_chunk_008,7,0.8106673404
Hybrid alpha=0.6,q21,2015_2015_sec_0045_text_001_chunk_002,8,0.7988907891
Hybrid alpha=0.6,q21,2018_2018_sec_0049_text_001_chunk_001,9,0.7939320832
Hybrid alpha=0.6,q21,2014_2014_sec_0044_text_001_chunk_001,10,0.7794024223
Hybrid alpha=0.6,q22,2015_2015_sec_0068_text_001_chunk_001,1,1.0000000000
Hybrid alpha=0.6,q22,2015_2015_sec_0030_text_001_chunk_001,2,0.8140187416
Hybrid alpha=0.6,q22,2015_2015_sec_0010_text_001_chunk_002,3,0.8096352233
Hybrid alpha=0.6,q22,2015_2015_sec_0002_text_001_chunk_014,4,0.7707177979
Hybrid alpha=0.6,q22,2015_2015_sec_0013_text_001_chunk_003,5,0.7590523289
Hybrid alpha=0.6,q22,2015_2015_sec_0002_text_001_chunk_011,6,0.7576393729
Hybrid alpha=0.6,q22,2015_2015_sec_0001_text_001_chunk_001,7,0.6551509461
Hybrid alpha=0.6,q22,2016_2016_sec_0048_text_001_chunk_001,8,0.6430195216
Hybrid alpha=0.6,q22,2015_2015_sec_0001_text_001_chunk_002,9,0.6074085287
Hybrid alpha=0.6,q22,2015_2015_sec_0015_text_001_chunk_003,10,0.6001416275
Hybrid alpha=0.6,q23,2018_2018_sec_0001_text_001_chunk_002,1,0.9608902554
Hybrid alpha=0.6,q23,2016_2016_sec_0049_text_001_chunk_004,2,0.8357336648
Hybrid alpha=0.6,q23,2016_2016_sec_0001_text_001_chunk_004,3,0.8135976230
Hybrid alpha=0.6,q23,2015_2015_sec_0001_text_001_chunk_006,4,0.7548138354
Hybrid alpha=0.6,q23,2015_2015_sec_0049_text_001_chunk_002,5,0.7283305989
Hybrid alpha=0.6,q23,2016_2016_sec_0049_text_001_chunk_005,6,0.7095257714
Hybrid alpha=0.6,q23,2016_2016_sec_0054_text_001_chunk_001,7,0.7020140952
Hybrid alpha=0.6,q23,2015_2015_sec_0049_text_001_chunk_001,8,0.6840041925
Hybrid alpha=0.6,q23,2014_2014_sec_0048_text_001_chunk_001,9,0.6751818539
Hybrid alpha=0.6,q23,2018_2018_sec_0030_text_001_chunk_001,10,0.6675285600
Hybrid alpha=0.6,q24,2014_2014_sec_0022_text_001_chunk_002,1,0.8871741863
Hybrid alpha=0.6,q24,2018_2018_sec_0125_text_001_chunk_001,2,0.6757467978
Hybrid alpha=0.6,q24,2018_2018_sec_0027_text_001_chunk_002,3,0.6119472311
Hybrid alpha=0.6,q24,2014_2014_sec_0033_text_001_chunk_001,4,0.6058829101
Hybrid alpha=0.6,q24,2015_2015_sec_0013_text_001_chunk_010,5,0.6045861976
Hybrid alpha=0.6,q24,2016_2016_sec_0052_text_001_chunk_001,6,0.6002542183
Hybrid alpha=0.6,q24,2015_2015_sec_0013_text_001_chunk_019,7,0.5994169402
Hybrid alpha=0.6,q24,2018_2018_sec_0029_text_001_chunk_001,8,0.5912334597
Hybrid alpha=0.6,q24,2017_2017_sec_0015_text_001_chunk_007,9,0.5871497899
Hybrid alpha=0.6,q24,2014_2014_sec_0021_text_001_chunk_002,10,0.5870094999
Hybrid alpha=0.6,q25,2018_2018_sec_0126_text_001_chunk_001,1,0.9889527092
Hybrid alpha=0.6,q25,2014_2014_sec_0119_text_001_chunk_001,2,0.9405770369
Hybrid alpha=0.6,q25,2017_2017_sec_0126_text_001_chunk_001,3,0.9316650379
Hybrid alpha=0.6,q25,2016_2016_sec_0134_text_001_chunk_001,4,0.9261890947
Hybrid alpha=0.6,q25,2015_2015_sec_0131_text_001_chunk_001,5,0.9054404093
Hybrid alpha=0.6,q25,2018_2018_sec_0126_text_001_chunk_016,6,0.8394007176
Hybrid alpha=0.6,q25,2014_2014_sec_0119_text_001_chunk_008,7,0.8025477249
Hybrid alpha=0.6,q25,2015_2015_sec_0131_text_001_chunk_016,8,0.7903941815
Hybrid alpha=0.6,q25,2016_2016_sec_0001_text_001_chunk_008,9,0.7672748209
Hybrid alpha=0.6,q25,2018_2018_sec_0001_text_001_chunk_005,10,0.7215255659
Hybrid alpha=0.6,q26,2014_2014_sec_0119_text_001_chunk_001,1,0.9757825354
Hybrid alpha=0.6,q26,2016_2016_sec_0134_text_001_chunk_001,2,0.9385287076
Hybrid alpha=0.6,q26,2015_2015_sec_0131_text_001_chunk_001,3,0.9093136731
Hybrid alpha=0.6,q26,2015_2015_sec_0131_text_001_chunk_016,4,0.8234177278
Hybrid alpha=0.6,q26,2016_2016_sec_0001_text_001_chunk_008,5,0.8016348609
Hybrid alpha=0.6,q26,2017_2017_sec_0126_text_001_chunk_001,6,0.7933415360
Hybrid alpha=0.6,q26,2014_2014_sec_0119_text_001_chunk_008,7,0.7929745836
Hybrid alpha=0.6,q26,2018_2018_sec_0126_text_001_chunk_016,8,0.7816993041
Hybrid alpha=0.6,q26,2018_2018_sec_0126_text_001_chunk_001,9,0.7736927632
Hybrid alpha=0.6,q26,2016_2016_sec_0134_text_001_chunk_019,10,0.7650808269
Hybrid alpha=0.6,q27,2016_2016_sec_0135_text_001_chunk_001,1,1.0000000000
Hybrid alpha=0.6,q27,2017_2017_sec_0127_text_001_chunk_001,2,0.8979851381
Hybrid alpha=0.6,q27,2018_2018_sec_0128_text_001_chunk_001,3,0.8728045614
Hybrid alpha=0.6,q27,2017_2017_sec_0126_text_001_chunk_001,4,0.8594955021
Hybrid alpha=0.6,q27,2018_2018_sec_0126_text_001_chunk_001,5,0.8554661108
Hybrid alpha=0.6,q27,2017_2017_sec_0128_text_001_chunk_001,6,0.8447517714
Hybrid alpha=0.6,q27,2016_2016_sec_0134_text_001_chunk_007,7,0.8261223845
Hybrid alpha=0.6,q27,2015_2015_sec_0132_text_001_chunk_001,8,0.7139826787
Hybrid alpha=0.6,q27,2014_2014_sec_0120_text_001_chunk_001,9,0.7069546380
Hybrid alpha=0.6,q27,2015_2015_sec_0131_text_001_chunk_002,10,0.6891448139
Hybrid alpha=0.6,q28,2018_2018_sec_0128_text_001_chunk_001,1,0.9310514764
Hybrid alpha=0.6,q28,2016_2016_sec_0134_text_001_chunk_007,2,0.9158864095
Hybrid alpha=0.6,q28,2017_2017_sec_0128_text_001_chunk_001,3,0.8882842242
Hybrid alpha=0.6,q28,2017_2017_sec_0127_text_001_chunk_003,4,0.8856223605
Hybrid alpha=0.6,q28,2015_2015_sec_0131_text_001_chunk_007,5,0.8815965081
Hybrid alpha=0.6,q28,2017_2017_sec_0127_text_001_chunk_001,6,0.7810358342
Hybrid alpha=0.6,q28,2016_2016_sec_0135_text_001_chunk_001,7,0.7652673753
Hybrid alpha=0.6,q28,2014_2014_sec_0120_text_001_chunk_004,8,0.7623631041
Hybrid alpha=0.6,q28,2017_2017_sec_0126_text_001_chunk_007,9,0.7596154746
Hybrid alpha=0.6,q28,2016_2016_sec_0135_text_001_chunk_004,10,0.7553673798
Hybrid alpha=0.6,q29,2017_2017_sec_0127_text_001_chunk_001,1,0.9983256696
Hybrid alpha=0.6,q29,2016_2016_sec_0135_text_001_chunk_001,2,0.9929655069
Hybrid alpha=0.6,q29,2015_2015_sec_0132_text_001_chunk_001,3,0.8688359087
Hybrid alpha=0.6,q29,2014_2014_sec_0120_text_001_chunk_001,4,0.8648894706
Hybrid alpha=0.6,q29,2017_2017_sec_0108_text_001_chunk_001,5,0.8086226647
Hybrid alpha=0.6,q29,2018_2018_sec_0127_text_002_chunk_001,6,0.8010203085
Hybrid alpha=0.6,q29,2016_2016_sec_0075_text_001_chunk_002,7,0.7862460540
Hybrid alpha=0.6,q29,2018_2018_sec_0128_text_001_chunk_001,8,0.7259213518
Hybrid alpha=0.6,q29,2014_2014_sec_0101_text_001_chunk_001,9,0.7211212205
Hybrid alpha=0.6,q29,2018_2018_sec_0126_text_001_chunk_016,10,0.7161533606
Hybrid alpha=0.6,q30,2014_2014_sec_0070_text_001_chunk_001,1,0.9774748190
Hybrid alpha=0.6,q30,2015_2015_sec_0077_text_001_chunk_001,2,0.9688085200
Hybrid alpha=0.6,q30,2016_2016_sec_0083_text_001_chunk_001,3,0.9212226618
Hybrid alpha=0.6,q30,2015_2015_sec_0075_text_001_chunk_001,4,0.8890608036
Hybrid alpha=0.6,q30,2017_2017_sec_0078_text_001_chunk_001,5,0.8618443068
Hybrid alpha=0.6,q30,2018_2018_sec_0081_text_001_chunk_001,6,0.8565146205
Hybrid alpha=0.6,q30,2017_2017_sec_0077_text_001_chunk_001,7,0.8532247428
Hybrid alpha=0.6,q30,2018_2018_sec_0080_text_001_chunk_001,8,0.8489614215
Hybrid alpha=0.6,q30,2015_2015_sec_0078_text_001_chunk_001,9,0.8452954721
Hybrid alpha=0.6,q30,2016_2016_sec_0084_text_001_chunk_001,10,0.8406984850
Hybrid alpha=0.6,q31,2015_2015_sec_0077_text_001_chunk_001,1,0.9407527498
Hybrid alpha=0.6,q31,2018_2018_sec_0080_text_001_chunk_001,2,0.8953213663
Hybrid alpha=0.6,q31,2014_2014_sec_0070_text_001_chunk_001,3,0.8873365829
Hybrid alpha=0.6,q31,2015_2015_sec_0075_text_001_chunk_001,4,0.8754845588
Hybrid alpha=0.6,q31,2016_2016_sec_0083_text_001_chunk_001,5,0.8679877278
Hybrid alpha=0.6,q31,2017_2017_sec_0077_text_001_chunk_001,6,0.8290959332
Hybrid alpha=0.6,q31,2015_2015_sec_0078_text_001_chunk_001,7,0.8151606959
Hybrid alpha=0.6,q31,2018_2018_sec_0081_text_001_chunk_001,8,0.8073313187
Hybrid alpha=0.6,q31,2017_2017_sec_0078_text_001_chunk_001,9,0.8026327466
Hybrid alpha=0.6,q31,2017_2017_sec_0077_text_002_chunk_001,10,0.7951421923
Hybrid alpha=0.6,q32,2015_2015_sec_0082_text_001_chunk_003,1,0.9694686960
Hybrid alpha=0.6,q32,2014_2014_sec_0073_text_001_chunk_005,2,0.9687886552
Hybrid alpha=0.6,q32,2014_2014_sec_0073_text_001_chunk_004,3,0.9404348113
Hybrid alpha=0.6,q32,2018_2018_sec_0085_text_001_chunk_001,4,0.9149362892
Hybrid alpha=0.6,q32,2016_2016_sec_0088_text_001_chunk_001,5,0.8723923302
Hybrid alpha=0.6,q32,2018_2018_sec_0085_text_001_chunk_005,6,0.8520926140
Hybrid alpha=0.6,q32,2014_2014_sec_0073_text_001_chunk_001,7,0.8401794890
Hybrid alpha=0.6,q32,2015_2015_sec_0082_text_001_chunk_002,8,0.8384443326
Hybrid alpha=0.6,q32,2018_2018_sec_0085_text_001_chunk_009,9,0.8196485521
Hybrid alpha=0.6,q32,2018_2018_sec_0085_text_001_chunk_008,10,0.8036094776
Hybrid alpha=0.6,q33,2017_2017_sec_0080_text_001_chunk_003,1,0.9255436189
Hybrid alpha=0.6,q33,2015_2015_sec_0080_text_001_chunk_005,2,0.9241338239
Hybrid alpha=0.6,q33,2014_2014_sec_0072_text_001_chunk_005,3,0.8567349583
Hybrid alpha=0.6,q33,2014_2014_sec_0072_text_001_chunk_003,4,0.8455485307
Hybrid alpha=0.6,q33,2015_2015_sec_0080_text_001_chunk_006,5,0.8379486901
Hybrid alpha=0.6,q33,2018_2018_sec_0083_text_001_chunk_001,6,0.8273589103
Hybrid alpha=0.6,q33,2015_2015_sec_0080_text_001_chunk_002,7,0.8163093276
Hybrid alpha=0.6,q33,2014_2014_sec_0072_text_001_chunk_001,8,0.8045589394
Hybrid alpha=0.6,q33,2017_2017_sec_0080_text_002_chunk_001,9,0.7737492888
Hybrid alpha=0.6,q33,2017_2017_sec_0080_text_001_chunk_002,10,0.7669242318
Hybrid alpha=0.6,q34,2014_2014_sec_0044_text_001_chunk_001,1,0.9152201621
Hybrid alpha=0.6,q34,2014_2014_sec_0132_text_001_chunk_002,2,0.8856777752
Hybrid alpha=0.6,q34,2014_2014_sec_0132_text_001_chunk_003,3,0.8512526488
Hybrid alpha=0.6,q34,2016_2016_sec_0143_text_001_chunk_003,4,0.7902658762
Hybrid alpha=0.6,q34,2014_2014_sec_0131_text_001_chunk_002,5,0.7888388283
Hybrid alpha=0.6,q34,2016_2016_sec_0049_text_001_chunk_006,6,0.7836582128
Hybrid alpha=0.6,q34,2015_2015_sec_0001_text_001_chunk_009,7,0.7626540911
Hybrid alpha=0.6,q34,2014_2014_sec_0072_text_001_chunk_001,8,0.7283226888
Hybrid alpha=0.6,q34,2017_2017_sec_0001_text_001_chunk_004,9,0.7164009154
Hybrid alpha=0.6,q34,2014_2014_sec_0131_text_001_chunk_003,10,0.6957466030
Hybrid alpha=0.6,q35,2016_2016_sec_0143_text_001_chunk_004,1,0.9679908994
Hybrid alpha=0.6,q35,2015_2015_sec_0142_text_001_chunk_001,2,0.8108685245
Hybrid alpha=0.6,q35,2014_2014_sec_0132_text_001_chunk_003,3,0.7914885937
Hybrid alpha=0.6,q35,2014_2014_sec_0131_text_001_chunk_001,4,0.7862463162
Hybrid alpha=0.6,q35,2017_2017_sec_0136_text_001_chunk_003,5,0.7837999203
Hybrid alpha=0.6,q35,2015_2015_sec_0080_text_001_chunk_005,6,0.7790778295
Hybrid alpha=0.6,q35,2015_2015_sec_0142_text_001_chunk_002,7,0.7387706396
Hybrid alpha=0.6,q35,2016_2016_sec_0074_text_001_chunk_003,8,0.7154905983
Hybrid alpha=0.6,q35,2014_2014_sec_0132_text_001_chunk_001,9,0.7084119313
Hybrid alpha=0.6,q35,2014_2014_sec_0132_text_001_chunk_002,10,0.6962460078
Hybrid alpha=0.6,q36,2017_2017_sec_0122_text_001_chunk_001,1,0.9995910325
Hybrid alpha=0.6,q36,2016_2016_sec_0130_text_001_chunk_001,2,0.9988959259
Hybrid alpha=0.6,q36,2018_2018_sec_0122_text_001_chunk_001,3,0.9943520280
Hybrid alpha=0.6,q36,2014_2014_sec_0116_text_001_chunk_001,4,0.9412942815
Hybrid alpha=0.6,q36,2015_2015_sec_0127_text_001_chunk_001,5,0.9070134292
Hybrid alpha=0.6,q36,2015_2015_sec_0142_text_001_chunk_002,6,0.8442352144
Hybrid alpha=0.6,q36,2016_2016_sec_0049_text_001_chunk_007,7,0.8159477355
Hybrid alpha=0.6,q36,2017_2017_sec_0001_text_001_chunk_005,8,0.7460415602
Hybrid alpha=0.6,q36,2015_2015_sec_0062_text_001_chunk_001,9,0.7426662311
Hybrid alpha=0.6,q36,2016_2016_sec_0133_text_001_chunk_002,10,0.7337806310
Hybrid alpha=0.6,q37,2014_2014_sec_0125_text_001_chunk_001,1,0.9925708598
Hybrid alpha=0.6,q37,2017_2017_sec_0134_text_001_chunk_001,2,0.9707281144
Hybrid alpha=0.6,q37,2015_2015_sec_0138_text_001_chunk_002,3,0.8171701004
Hybrid alpha=0.6,q37,2018_2018_sec_0134_text_001_chunk_001,4,0.8064348124
Hybrid alpha=0.6,q37,2015_2015_sec_0138_text_001_chunk_001,5,0.8011525265
Hybrid alpha=0.6,q37,2018_2018_sec_0134_text_001_chunk_002,6,0.7849640472
Hybrid alpha=0.6,q37,2017_2017_sec_0134_text_001_chunk_003,7,0.7741828668
Hybrid alpha=0.6,q37,2014_2014_sec_0125_text_001_chunk_002,8,0.7536342263
Hybrid alpha=0.6,q37,2016_2016_sec_0141_text_001_chunk_002,9,0.7531940194
Hybrid alpha=0.6,q37,2016_2016_sec_0141_text_001_chunk_001,10,0.7397555250
Hybrid alpha=0.6,q38,2016_2016_sec_0001_text_001_chunk_008,1,1.0000000000
Hybrid alpha=0.6,q38,2017_2017_sec_0134_text_001_chunk_002,2,0.9396124919
Hybrid alpha=0.6,q38,2018_2018_sec_0134_text_001_chunk_001,3,0.9349476838
Hybrid alpha=0.6,q38,2018_2018_sec_0001_text_001_chunk_001,4,0.9082478461
Hybrid alpha=0.6,q38,2015_2015_sec_0144_text_001_chunk_009,5,0.8706410144
Hybrid alpha=0.6,q38,2016_2016_sec_0054_text_001_chunk_001,6,0.8116481479
Hybrid alpha=0.6,q38,2017_2017_sec_0135_text_001_chunk_002,7,0.8027270364
Hybrid alpha=0.6,q38,2016_2016_sec_0001_text_001_chunk_004,8,0.7874530324
Hybrid alpha=0.6,q38,2017_2017_sec_0015_text_001_chunk_008,9,0.7549385731
Hybrid alpha=0.6,q38,2015_2015_sec_0021_text_001_chunk_002,10,0.7371506582
Hybrid alpha=0.6,q39,2016_2016_sec_0147_text_001_chunk_002,1,0.9745124886
Hybrid alpha=0.6,q39,2015_2015_sec_0146_text_001_chunk_001,2,0.9731656689
Hybrid alpha=0.6,q39,2014_2014_sec_0137_text_001_chunk_001,3,0.9644076814
Hybrid alpha=0.6,q39,2017_2017_sec_0140_text_001_chunk_002,4,0.9609938166
Hybrid alpha=0.6,q39,2016_2016_sec_0147_text_001_chunk_003,5,0.9600899217
Hybrid alpha=0.6,q39,2014_2014_sec_0138_text_001_chunk_001,6,0.9421976826
Hybrid alpha=0.6,q39,2018_2018_sec_0140_text_001_chunk_002,7,0.9355100241
Hybrid alpha=0.6,q39,2015_2015_sec_0146_text_001_chunk_002,8,0.9145177550
Hybrid alpha=0.6,q39,2016_2016_sec_0147_text_001_chunk_001,9,0.8598498836
Hybrid alpha=0.6,q39,2017_2017_sec_0140_text_001_chunk_001,10,0.8574880098
Hybrid alpha=0.6,q40,2016_2016_sec_0147_text_001_chunk_003,1,0.9528976064
Hybrid alpha=0.6,q40,2014_2014_sec_0133_text_002_chunk_001,2,0.8670467061
Hybrid alpha=0.6,q40,2015_2015_sec_0146_text_001_chunk_002,3,0.8460915439
Hybrid alpha=0.6,q40,2015_2015_sec_0144_text_001_chunk_007,4,0.8396161488
Hybrid alpha=0.6,q40,2014_2014_sec_0138_text_001_chunk_001,5,0.8157664172
Hybrid alpha=0.6,q40,2017_2017_sec_0140_text_001_chunk_002,6,0.8120725055
Hybrid alpha=0.6,q40,2014_2014_sec_0087_text_001_chunk_001,7,0.7874362458
Hybrid alpha=0.6,q40,2018_2018_sec_0140_text_001_chunk_002,8,0.7837329446
Hybrid alpha=0.6,q40,2015_2015_sec_0093_text_001_chunk_003,9,0.7664664832
Hybrid alpha=0.6,q40,2016_2016_sec_0100_text_001_chunk_002,10,0.7246489210
Hybrid alpha=0.6,q41,2017_2017_sec_0001_text_001_chunk_012,1,0.9680391580
Hybrid alpha=0.6,q41,2016_2016_sec_0018_text_001_chunk_001,2,0.9625763088
Hybrid alpha=0.6,q41,2017_2017_sec_0018_text_001_chunk_001,3,0.9210792517
Hybrid alpha=0.6,q41,2016_2016_sec_0017_text_001_chunk_003,4,0.9021449272
Hybrid alpha=0.6,q41,2014_2014_sec_0014_text_001_chunk_001,5,0.8807779922
Hybrid alpha=0.6,q41,2015_2015_sec_0016_text_001_chunk_001,6,0.8794485111
Hybrid alpha=0.6,q41,2014_2014_sec_0015_text_001_chunk_001,7,0.8755097215
Hybrid alpha=0.6,q41,2015_2015_sec_0013_text_001_chunk_003,8,0.8558801745
Hybrid alpha=0.6,q41,2015_2015_sec_0013_text_001_chunk_004,9,0.8386318356
Hybrid alpha=0.6,q41,2018_2018_sec_0021_text_001_chunk_001,10,0.8260337944
Hybrid alpha=0.6,q42,2017_2017_sec_0015_text_001_chunk_004,1,0.9071405068
Hybrid alpha=0.6,q42,2018_2018_sec_0022_text_001_chunk_003,2,0.8851722712
Hybrid alpha=0.6,q42,2018_2018_sec_0020_text_001_chunk_002,3,0.8395146782
Hybrid alpha=0.6,q42,2017_2017_sec_0015_text_001_chunk_019,4,0.8346113535
Hybrid alpha=0.6,q42,2018_2018_sec_0022_text_001_chunk_001,5,0.8301859126
Hybrid alpha=0.6,q42,2017_2017_sec_0015_text_001_chunk_018,6,0.7032795886
Hybrid alpha=0.6,q42,2018_2018_sec_0001_text_001_chunk_009,7,0.7007350197
Hybrid alpha=0.6,q42,2016_2016_sec_0001_text_001_chunk_004,8,0.6873258121
Hybrid alpha=0.6,q42,2018_2018_sec_0001_text_001_chunk_010,9,0.6681186048
Hybrid alpha=0.6,q42,2017_2017_sec_0015_text_001_chunk_017,10,0.6566559522
Hybrid alpha=0.6,q43,2016_2016_sec_0063_text_001_chunk_001,1,1.0000000000
Hybrid alpha=0.6,q43,2017_2017_sec_0057_text_001_chunk_001,2,0.9343343632
Hybrid alpha=0.6,q43,2017_2017_sec_0015_text_001_chunk_007,3,0.9139571473
Hybrid alpha=0.6,q43,2014_2014_sec_0056_text_001_chunk_001,4,0.8968402704
Hybrid alpha=0.6,q43,2018_2018_sec_0060_text_001_chunk_001,5,0.8773319466
Hybrid alpha=0.6,q43,2016_2016_sec_0015_text_001_chunk_007,6,0.7746994100
Hybrid alpha=0.6,q43,2017_2017_sec_0001_text_001_chunk_003,7,0.7599859341
Hybrid alpha=0.6,q43,2018_2018_sec_0001_text_001_chunk_003,8,0.7190238155
Hybrid alpha=0.6,q43,2016_2016_sec_0001_text_001_chunk_006,9,0.7157451088
Hybrid alpha=0.6,q43,2016_2016_sec_0065_text_001_chunk_001,10,0.7138674742
Hybrid alpha=0.6,q44,2014_2014_sec_0057_text_001_chunk_003,1,0.9826502533
Hybrid alpha=0.6,q44,2018_2018_sec_0062_text_001_chunk_001,2,0.9728546654
Hybrid alpha=0.6,q44,2016_2016_sec_0065_text_001_chunk_001,3,0.9641360813
Hybrid alpha=0.6,q44,2015_2015_sec_0060_text_001_chunk_001,4,0.9389628340
Hybrid alpha=0.6,q44,2017_2017_sec_0059_text_001_chunk_001,5,0.9283186885
Hybrid alpha=0.6,q44,2016_2016_sec_0064_text_001_chunk_001,6,0.8939763716
Hybrid alpha=0.6,q44,2017_2017_sec_0061_text_001_chunk_001,7,0.7943057561
Hybrid alpha=0.6,q44,2017_2017_sec_0059_text_002_chunk_001,8,0.6836218381
Hybrid alpha=0.6,q44,2016_2016_sec_0049_text_001_chunk_002,9,0.6799860046
Hybrid alpha=0.6,q44,2018_2018_sec_0062_text_002_chunk_001,10,0.6650745271
Hybrid alpha=0.6,q45,2015_2015_sec_0111_text_001_chunk_001,1,0.9514224309
Hybrid alpha=0.6,q45,2017_2017_sec_0106_text_001_chunk_001,2,0.8605648034
Hybrid alpha=0.6,q45,2014_2014_sec_0100_text_001_chunk_001,3,0.8522362686
Hybrid alpha=0.6,q45,2018_2018_sec_0106_text_001_chunk_001,4,0.8281037598
Hybrid alpha=0.6,q45,2016_2016_sec_0114_text_001_chunk_001,5,0.8120819114
Hybrid alpha=0.6,q45,2014_2014_sec_0105_text_001_chunk_001,6,0.8107405007
Hybrid alpha=0.6,q45,2015_2015_sec_0116_text_001_chunk_001,7,0.7986631714
Hybrid alpha=0.6,q45,2017_2017_sec_0105_text_001_chunk_001,8,0.7910505764
Hybrid alpha=0.6,q45,2014_2014_sec_0104_text_001_chunk_001,9,0.7815902451
Hybrid alpha=0.6,q45,2018_2018_sec_0105_text_001_chunk_001,10,0.7543484070
Hybrid alpha=0.6,q46,2015_2015_sec_0050_text_001_chunk_001,1,0.9697388801
Hybrid alpha=0.6,q46,2016_2016_sec_0056_text_001_chunk_001,2,0.9336028036
Hybrid alpha=0.6,q46,2017_2017_sec_0050_text_001_chunk_001,3,0.8720484354
Hybrid alpha=0.6,q46,2018_2018_sec_0053_text_001_chunk_001,4,0.8348695875
Hybrid alpha=0.6,q46,2015_2015_sec_0051_text_001_chunk_001,5,0.8326202032
Hybrid alpha=0.6,q46,2014_2014_sec_0049_text_001_chunk_001,6,0.8212900047
Hybrid alpha=0.6,q46,2016_2016_sec_0064_text_001_chunk_002,7,0.8169666006
Hybrid alpha=0.6,q46,2015_2015_sec_0059_text_001_chunk_001,8,0.7943265157
Hybrid alpha=0.6,q46,2014_2014_sec_0057_text_001_chunk_002,9,0.7382270900
Hybrid alpha=0.6,q46,2014_2014_sec_0043_text_001_chunk_002,10,0.7321678962
Hybrid alpha=0.6,q47,2015_2015_sec_0068_text_001_chunk_001,1,1.0000000000
Hybrid alpha=0.6,q47,2015_2015_sec_0002_text_001_chunk_014,2,0.7987668973
Hybrid alpha=0.6,q47,2015_2015_sec_0010_text_001_chunk_002,3,0.7478830361
Hybrid alpha=0.6,q47,2015_2015_sec_0002_text_001_chunk_011,4,0.6918870606
Hybrid alpha=0.6,q47,2015_2015_sec_0001_text_001_chunk_001,5,0.6517920052
Hybrid alpha=0.6,q47,2015_2015_sec_0030_text_001_chunk_001,6,0.6460099088
Hybrid alpha=0.6,q47,2016_2016_sec_0049_text_001_chunk_001,7,0.6400095813
Hybrid alpha=0.6,q47,2015_2015_sec_0013_text_001_chunk_003,8,0.6006165926
Hybrid alpha=0.6,q47,2016_2016_sec_0048_text_001_chunk_001,9,0.5321259558
Hybrid alpha=0.6,q47,2016_2016_sec_0054_text_001_chunk_001,10,0.5317686246
Hybrid alpha=0.6,q48,2014_2014_sec_0085_text_001_chunk_001,1,0.9684580179
Hybrid alpha=0.6,q48,2015_2015_sec_0091_text_001_chunk_001,2,0.9350021934
Hybrid alpha=0.6,q48,2017_2017_sec_0090_text_001_chunk_002,3,0.9112750388
Hybrid alpha=0.6,q48,2014_2014_sec_0085_text_001_chunk_004,4,0.8965259009
Hybrid alpha=0.6,q48,2017_2017_sec_0090_text_001_chunk_001,5,0.8267882057
Hybrid alpha=0.6,q48,2018_2018_sec_0092_text_001_chunk_001,6,0.7988583532
Hybrid alpha=0.6,q48,2015_2015_sec_0091_text_001_chunk_002,7,0.7653137222
Hybrid alpha=0.6,q48,2016_2016_sec_0098_text_001_chunk_001,8,0.7627811873
Hybrid alpha=0.6,q48,2014_2014_sec_0085_text_001_chunk_005,9,0.7507844243
Hybrid alpha=0.6,q48,2014_2014_sec_0085_text_001_chunk_003,10,0.7439571938
Hybrid alpha=0.6,q49,2014_2014_sec_0086_text_001_chunk_001,1,0.9580492363
Hybrid alpha=0.6,q49,2014_2014_sec_0086_text_001_chunk_002,2,0.9471218660
Hybrid alpha=0.6,q49,2017_2017_sec_0091_text_001_chunk_001,3,0.9037326940
Hybrid alpha=0.6,q49,2016_2016_sec_0099_text_001_chunk_001,4,0.7938801782
Hybrid alpha=0.6,q49,2014_2014_sec_0001_text_001_chunk_001,5,0.7806415913
Hybrid alpha=0.6,q49,2018_2018_sec_0093_text_001_chunk_001,6,0.7754572542
Hybrid alpha=0.6,q49,2015_2015_sec_0092_text_001_chunk_001,7,0.7417151315
Hybrid alpha=0.6,q49,2015_2015_sec_0092_text_001_chunk_002,8,0.7393065070
Hybrid alpha=0.6,q49,2017_2017_sec_0090_text_001_chunk_003,9,0.6920348028
Hybrid alpha=0.6,q49,2016_2016_sec_0098_text_001_chunk_002,10,0.6143037458
Hybrid alpha=0.6,q50,2015_2015_sec_0031_text_001_chunk_001,1,1.0000000000
Hybrid alpha=0.6,q50,2014_2014_sec_0031_text_001_chunk_001,2,0.9379178006
Hybrid alpha=0.6,q50,2016_2016_sec_0034_text_001_chunk_001,3,0.8480665225
Hybrid alpha=0.6,q50,2015_2015_sec_0013_text_001_chunk_017,4,0.8440979114
Hybrid alpha=0.6,q50,2018_2018_sec_0036_text_001_chunk_001,5,0.8063365129
Hybrid alpha=0.6,q50,2014_2014_sec_0001_text_001_chunk_005,6,0.7897647025
Hybrid alpha=0.6,q50,2015_2015_sec_0013_text_001_chunk_009,7,0.7851970993
Hybrid alpha=0.6,q50,2016_2016_sec_0015_text_001_chunk_005,8,0.7569121763
Hybrid alpha=0.6,q50,2017_2017_sec_0090_text_001_chunk_001,9,0.7412887502
Hybrid alpha=0.6,q50,2014_2014_sec_0021_text_001_chunk_003,10,0.7396016067
Hybrid alpha=0.6,q51,2016_2016_sec_0039_text_001_chunk_001,1,1.0000000000
Hybrid alpha=0.6,q51,2017_2017_sec_0038_text_001_chunk_001,2,0.7985925066
Hybrid alpha=0.6,q51,2018_2018_sec_0040_text_001_chunk_001,3,0.7757209352
Hybrid alpha=0.6,q51,2014_2014_sec_0035_text_001_chunk_001,4,0.7683025483
Hybrid alpha=0.6,q51,2018_2018_sec_0041_text_001_chunk_001,5,0.7381956841
Hybrid alpha=0.6,q51,2014_2014_sec_0035_text_001_chunk_002,6,0.6555804066
Hybrid alpha=0.6,q51,2018_2018_sec_0038_text_001_chunk_001,7,0.6316049475
Hybrid alpha=0.6,q51,2017_2017_sec_0037_text_001_chunk_001,8,0.6078574299
Hybrid alpha=0.6,q51,2016_2016_sec_0038_text_001_chunk_001,9,0.6072431684
Hybrid alpha=0.6,q51,2018_2018_sec_0001_text_001_chunk_011,10,0.5991528069
Hybrid alpha=0.6,q52,2014_2014_sec_0001_text_001_chunk_001,1,0.8334150028
Hybrid alpha=0.6,q52,2015_2015_sec_0002_text_001_chunk_001,2,0.8296850030
Hybrid alpha=0.6,q52,2015_2015_sec_0013_text_001_chunk_003,3,0.8154594124
Hybrid alpha=0.6,q52,2016_2016_sec_0002_text_001_chunk_001,4,0.8138939916
Hybrid alpha=0.6,q52,2018_2018_sec_0002_text_001_chunk_001,5,0.7746680256
Hybrid alpha=0.6,q52,2017_2017_sec_0002_text_001_chunk_001,6,0.7651119058
Hybrid alpha=0.6,q52,2014_2014_sec_0036_text_001_chunk_001,7,0.7573362954
Hybrid alpha=0.6,q52,2015_2015_sec_0013_text_001_chunk_001,8,0.7365567380
Hybrid alpha=0.6,q52,2015_2015_sec_0082_text_001_chunk_002,9,0.7353154695
Hybrid alpha=0.6,q52,2018_2018_sec_0140_text_001_chunk_002,10,0.7299543115
Hybrid alpha=0.6,q53,2016_2016_sec_0135_text_001_chunk_001,1,0.9150511540
Hybrid alpha=0.6,q53,2017_2017_sec_0127_text_001_chunk_001,2,0.8593310742
Hybrid alpha=0.6,q53,2016_2016_sec_0075_text_001_chunk_002,3,0.8489031875
Hybrid alpha=0.6,q53,2014_2014_sec_0120_text_001_chunk_001,4,0.7678532594
Hybrid alpha=0.6,q53,2015_2015_sec_0132_text_001_chunk_001,5,0.7658701872
Hybrid alpha=0.6,q53,2018_2018_sec_0128_text_001_chunk_001,6,0.7087436412
Hybrid alpha=0.6,q53,2017_2017_sec_0128_text_001_chunk_001,7,0.7029941265
Hybrid alpha=0.6,q53,2018_2018_sec_0127_text_002_chunk_001,8,0.6967935545
Hybrid alpha=0.6,q53,2016_2016_sec_0134_text_001_chunk_007,9,0.6952629809
Hybrid alpha=0.6,q53,2017_2017_sec_0108_text_001_chunk_001,10,0.6369096077
Hybrid alpha=0.6,q54,2017_2017_sec_0001_text_001_chunk_003,1,0.9473272407
Hybrid alpha=0.6,q54,2017_2017_sec_0015_text_001_chunk_005,2,0.8546319482
Hybrid alpha=0.6,q54,2018_2018_sec_0051_text_001_chunk_001,3,0.7847015252
Hybrid alpha=0.6,q54,2016_2016_sec_0015_text_001_chunk_002,4,0.7659836473
Hybrid alpha=0.6,q54,2017_2017_sec_0015_text_001_chunk_007,5,0.7542656866
Hybrid alpha=0.6,q54,2015_2015_sec_0024_text_001_chunk_001,6,0.7346996626
Hybrid alpha=0.6,q54,2017_2017_sec_0015_text_001_chunk_002,7,0.7191197630
Hybrid alpha=0.6,q54,2016_2016_sec_0015_text_001_chunk_003,8,0.7123766544
Hybrid alpha=0.6,q54,2017_2017_sec_0001_text_001_chunk_010,9,0.7077259697
Hybrid alpha=0.6,q54,2015_2015_sec_0111_text_003_chunk_006,10,0.7073963480
Hybrid alpha=0.6,q55,2015_2015_sec_0001_text_001_chunk_009,1,0.9510923912
Hybrid alpha=0.6,q55,2014_2014_sec_0131_text_001_chunk_001,2,0.9382026576
Hybrid alpha=0.6,q55,2018_2018_sec_0001_text_001_chunk_004,3,0.8937739174
Hybrid alpha=0.6,q55,2014_2014_sec_0131_text_001_chunk_003,4,0.8482031675
Hybrid alpha=0.6,q55,2014_2014_sec_0036_text_001_chunk_001,5,0.8169776490
Hybrid alpha=0.6,q55,2016_2016_sec_0049_text_001_chunk_003,6,0.7799422531
Hybrid alpha=0.6,q55,2016_2016_sec_0054_text_001_chunk_001,7,0.7741318665
Hybrid alpha=0.6,q55,2017_2017_sec_0015_text_001_chunk_010,8,0.7642696703
Hybrid alpha=0.6,q55,2016_2016_sec_0049_text_001_chunk_006,9,0.7512989742
Hybrid alpha=0.6,q55,2014_2014_sec_0001_text_001_chunk_008,10,0.7474294673
Hybrid alpha=0.6,q56,2015_2015_sec_0013_text_001_chunk_009,1,0.9830975951
Hybrid alpha=0.6,q56,2018_2018_sec_0001_text_001_chunk_005,2,0.9376888009
Hybrid alpha=0.6,q56,2014_2014_sec_0117_text_001_chunk_001,3,0.9078125777
Hybrid alpha=0.6,q56,2017_2017_sec_0001_text_001_chunk_005,4,0.8623010362
Hybrid alpha=0.6,q56,2018_2018_sec_0124_text_001_chunk_001,5,0.8587570000
Hybrid alpha=0.6,q56,2016_2016_sec_0001_text_001_chunk_008,6,0.7894175956
Hybrid alpha=0.6,q56,2015_2015_sec_0001_text_001_chunk_010,7,0.7832360079
Hybrid alpha=0.6,q56,2016_2016_sec_0032_text_001_chunk_002,8,0.6959858893
Hybrid alpha=0.6,q56,2017_2017_sec_0031_text_001_chunk_002,9,0.6720017198
Hybrid alpha=0.6,q56,2016_2016_sec_0015_text_001_chunk_008,10,0.6690197053
Hybrid alpha=0.6,q57,2016_2016_sec_0112_text_001_chunk_001,1,0.9947472626
Hybrid alpha=0.6,q57,2015_2015_sec_0108_text_001_chunk_001,2,0.9526972805
Hybrid alpha=0.6,q57,2017_2017_sec_0015_text_001_chunk_010,3,0.9095922319
Hybrid alpha=0.6,q57,2018_2018_sec_0095_text_001_chunk_002,4,0.8330593190
Hybrid alpha=0.6,q57,2015_2015_sec_0109_text_001_chunk_001,5,0.8134842127
Hybrid alpha=0.6,q57,2016_2016_sec_0015_text_001_chunk_002,6,0.8123271495
Hybrid alpha=0.6,q57,2014_2014_sec_0048_text_001_chunk_001,7,0.8051723245
Hybrid alpha=0.6,q57,2017_2017_sec_0103_text_001_chunk_001,8,0.7997100348
Hybrid alpha=0.6,q57,2014_2014_sec_0065_text_001_chunk_001,9,0.7923901312
Hybrid alpha=0.6,q57,2016_2016_sec_0015_text_001_chunk_008,10,0.7815857146
Hybrid alpha=0.6,q58,2014_2014_sec_0087_text_001_chunk_003,1,0.9926884883
Hybrid alpha=0.6,q58,2018_2018_sec_0094_text_001_chunk_001,2,0.8233089303
Hybrid alpha=0.6,q58,2015_2015_sec_0045_text_001_chunk_002,3,0.7750180913
Hybrid alpha=0.6,q58,2016_2016_sec_0100_text_001_chunk_001,4,0.7472106719
Hybrid alpha=0.6,q58,2016_2016_sec_0052_text_001_chunk_001,5,0.7470370337
Hybrid alpha=0.6,q58,2015_2015_sec_0093_text_001_chunk_002,6,0.6923715534
Hybrid alpha=0.6,q58,2016_2016_sec_0001_text_001_chunk_010,7,0.6845804463
Hybrid alpha=0.6,q58,2015_2015_sec_0093_text_001_chunk_003,8,0.6684206722
Hybrid alpha=0.6,q58,2016_2016_sec_0028_text_001_chunk_002,9,0.6625428607
Hybrid alpha=0.6,q58,2015_2015_sec_0013_text_001_chunk_005,10,0.6545849186
Hybrid alpha=0.6,q59,2017_2017_sec_0047_text_001_chunk_001,1,0.9883605423
Hybrid alpha=0.6,q59,2014_2014_sec_0046_text_001_chunk_001,2,0.9506144573
Hybrid alpha=0.6,q59,2018_2018_sec_0050_text_001_chunk_001,3,0.9388759678
Hybrid alpha=0.6,q59,2015_2015_sec_0046_text_001_chunk_001,4,0.9337606988
Hybrid alpha=0.6,q59,2014_2014_sec_0045_text_001_chunk_001,5,0.9180977720
Hybrid alpha=0.6,q59,2016_2016_sec_0053_text_001_chunk_001,6,0.9037809099
Hybrid alpha=0.6,q59,2018_2018_sec_0051_text_001_chunk_001,7,0.8291320688
Hybrid alpha=0.6,q59,2018_2018_sec_0001_text_001_chunk_001,8,0.8287670059
Hybrid alpha=0.6,q59,2016_2016_sec_0049_text_001_chunk_002,9,0.8244406205
Hybrid alpha=0.6,q59,2016_2016_sec_0114_text_002_chunk_001,10,0.6944443324
Hybrid alpha=0.6,q60,2018_2018_sec_0097_text_001_chunk_002,1,0.8780223619
Hybrid alpha=0.6,q60,2014_2014_sec_0132_text_001_chunk_002,2,0.7524833182
Hybrid alpha=0.6,q60,2014_2014_sec_0131_text_001_chunk_002,3,0.7391945522
Hybrid alpha=0.6,q60,2016_2016_sec_0088_text_001_chunk_002,4,0.7372045955
Hybrid alpha=0.6,q60,2014_2014_sec_0131_text_001_chunk_001,5,0.7299025332
Hybrid alpha=0.6,q60,2015_2015_sec_0082_text_001_chunk_003,6,0.7239997760
Hybrid alpha=0.6,q60,2014_2014_sec_0131_text_001_chunk_003,7,0.7179799703
Hybrid alpha=0.6,q60,2015_2015_sec_0141_text_001_chunk_001,8,0.7164795067
Hybrid alpha=0.6,q60,2016_2016_sec_0143_text_001_chunk_003,9,0.7073692567
Hybrid alpha=0.6,q60,2017_2017_sec_0015_text_001_chunk_006,10,0.6902629204
